t_ms,sample_index
17797561,0
17797565,64
17797569,128
17797573,192
17797577,256
17797581,320
17797585,384
17797589,448
17797593,512
17797597,576
17797601,640
17797605,704
17797609,768
17797613,832
17797617,896
17797621,960
17797625,1024
17797629,1088
17797633,1152
17797637,1216
17797641,1280
17797645,1344
17797649,1408
17797653,1472
17797657,1536
17797661,1600
17797665,1664
17797669,1728
17797673,1792
17797677,1856
17797681,1920
17797685,1984
17797689,2048
17797693,2112
17797697,2176
17797701,2240
17797705,2304
17797709,2368
17797713,2432
17797717,2496
17797721,2560
17797725,2624
17797729,2688
17797733,2752
17797737,2816
17797741,2880
17797745,2944
17797749,3008
17797753,3072
17797757,3136
17797761,3200
17797765,3264
17797769,3328
17797773,3392
17797777,3456
17797781,3520
17797785,3584
17797789,3648
17797793,3712
17797797,3776
17797801,3840
17797805,3904
17797809,3968
17797813,4032
17797817,4096
17797821,4160
17797825,4224
17797829,4288
17797833,4352
17797837,4416
17797841,4480
17797845,4544
17797849,4608
17797853,4672
17797857,4736
17797861,4800
17797865,4864
17797869,4928
17797873,4992
17797877,5056
17797881,5120
17797885,5184
17797889,5248
17797893,5312
17797897,5376
17797901,5440
17797905,5504
17797909,5568
17797913,5632
17797917,5696
17797921,5760
17797925,5824
17797929,5888
17797933,5952
17797937,6016
17797941,6080
17797945,6144
17797949,6208
17797953,6272
17797957,6336
17797961,6400
17797965,6464
17797969,6528
17797973,6592
17797977,6656
17797981,6720
17797985,6784
17797989,6848
17797993,6912
17797997,6976
17798001,7040
17798005,7104
17798009,7168
17798013,7232
17798017,7296
17798021,7360
17798025,7424
17798029,7488
17798033,7552
17798037,7616
17798041,7680
17798045,7744
17798049,7808
17798053,7872
17798057,7936
17798061,8000
17798065,8064
17798069,8128
17798073,8192
17798077,8256
17798081,8320
17798085,8384
17798089,8448
17798093,8512
17798097,8576
17798101,8640
17798105,8704
17798109,8768
17798113,8832
17798117,8896
17798121,8960
17798125,9024
17798129,9088
17798133,9152
17798137,9216
17798141,9280
17798145,9344
17798149,9408
17798153,9472
17798157,9536
17798161,9600
17798165,9664
17798169,9728
17798173,9792
17798177,9856
17798181,9920
17798185,9984
17798189,10048
17798193,10112
17798197,10176
17798201,10240
17798205,10304
17798209,10368
17798213,10432
17798217,10496
17798221,10560
17798225,10624
17798229,10688
17798233,10752
17798237,10816
17798241,10880
17798245,10944
17798249,11008
17798253,11072
17798257,11136
17798261,11200
17798265,11264
17798269,11328
17798273,11392
17798277,11456
17798281,11520
17798285,11584
17798289,11648
17798293,11712
17798297,11776
17798301,11840
17798305,11904
17798309,11968
17798313,12032
17798317,12096
17798321,12160
17798325,12224
17798329,12288
17798333,12352
17798337,12416
17798341,12480
17798345,12544
17798349,12608
17798353,12672
17798357,12736
17798361,12800
17798365,12864
17798369,12928
17798373,12992
17798377,13056
17798381,13120
17798385,13184
17798389,13248
17798393,13312
17798397,13376
17798401,13440
17798405,13504
17798409,13568
17798413,13632
17798417,13696
17798421,13760
17798425,13824
17798429,13888
17798433,13952
17798437,14016
17798441,14080
17798445,14144
17798449,14208
17798453,14272
17798457,14336
17798461,14400
17798465,14464
17798469,14528
17798473,14592
17798477,14656
17798481,14720
17798485,14784
17798489,14848
17798493,14912
17798497,14976
17798501,15040
17798505,15104
17798509,15168
17798513,15232
17798517,15296
17798521,15360
17798525,15424
17798529,15488
17798533,15552
17798537,15616
17798541,15680
17798545,15744
17798549,15808
17798553,15872
17798557,15936
17798561,16000
17798565,16064
17798569,16128
17798573,16192
17798577,16256
17798581,16320
17798585,16384
17798589,16448
17798593,16512
17798597,16576
17798601,16640
17798605,16704
17798609,16768
17798613,16832
17798617,16896
17798621,16960
17798625,17024
17798629,17088
17798633,17152
17798637,17216
17798641,17280
17798645,17344
17798649,17408
17798653,17472
17798657,17536
17798661,17600
17798665,17664
17798669,17728
17798673,17792
17798677,17856
17798681,17920
17798685,17984
17798689,18048
17798693,18112
17798697,18176
17798701,18240
17798705,18304
17798709,18368
17798713,18432
17798717,18496
17798721,18560
17798725,18624
17798729,18688
17798733,18752
17798737,18816
17798741,18880
17798745,18944
17798749,19008
17798753,19072
17798757,19136
17798761,19200
17798765,19264
17798769,19328
17798773,19392
17798777,19456
17798781,19520
17798785,19584
17798789,19648
17798793,19712
17798797,19776
17798801,19840
17798805,19904
17798809,19968
17798813,20032
17798817,20096
17798821,20160
17798825,20224
17798829,20288
17798833,20352
17798837,20416
17798841,20480
17798845,20544
17798849,20608
17798853,20672
17798857,20736
17798861,20800
17798865,20864
17798869,20928
17798873,20992
17798877,21056
17798881,21120
17798885,21184
17798889,21248
17798893,21312
17798897,21376
17798901,21440
17798905,21504
17798909,21568
17798913,21632
17798917,21696
17798921,21760
17798925,21824
17798929,21888
17798933,21952
17798937,22016
17798941,22080
17798945,22144
17798949,22208
17798953,22272
17798957,22336
17798961,22400
17798965,22464
17798969,22528
17798973,22592
17798977,22656
17798981,22720
17798985,22784
17798989,22848
17798993,22912
17798997,22976
17799001,23040
17799005,23104
17799009,23168
17799013,23232
17799017,23296
17799021,23360
17799025,23424
17799029,23488
17799033,23552
17799037,23616
17799041,23680
17799045,23744
17799049,23808
17799053,23872
17799057,23936
17799061,24000
17799065,24064
17799069,24128
17799073,24192
17799077,24256
17799081,24320
17799085,24384
17799089,24448
17799093,24512
17799097,24576
17799101,24640
17799105,24704
17799109,24768
17799113,24832
17799117,24896
17799121,24960
17799125,25024
17799129,25088
17799133,25152
17799137,25216
17799141,25280
17799145,25344
17799149,25408
17799153,25472
17799157,25536
17799161,25600
17799165,25664
17799169,25728
17799173,25792
17799177,25856
17799181,25920
17799185,25984
17799189,26048
17799193,26112
17799197,26176
17799201,26240
17799205,26304
17799209,26368
17799213,26432
17799217,26496
17799221,26560
17799225,26624
17799229,26688
17799233,26752
17799237,26816
17799241,26880
17799245,26944
17799249,27008
17799253,27072
17799257,27136
17799261,27200
17799265,27264
17799269,27328
17799273,27392
17799277,27456
17799281,27520
17799285,27584
17799289,27648
17799293,27712
17799297,27776
17799301,27840
17799305,27904
17799309,27968
17799313,28032
17799317,28096
17799321,28160
17799325,28224
17799329,28288
17799333,28352
17799337,28416
17799341,28480
17799345,28544
17799349,28608
17799353,28672
17799357,28736
17799361,28800
17799365,28864
17799369,28928
17799373,28992
17799377,29056
17799381,29120
17799385,29184
17799389,29248
17799393,29312
17799397,29376
17799401,29440
17799405,29504
17799409,29568
17799413,29632
17799417,29696
17799421,29760
17799425,29824
17799429,29888
17799433,29952
17799437,30016
17799441,30080
17799445,30144
17799449,30208
17799453,30272
17799457,30336
17799461,30400
17799465,30464
17799469,30528
17799473,30592
17799477,30656
17799481,30720
17799485,30784
17799489,30848
17799493,30912
17799497,30976
17799501,31040
17799505,31104
17799509,31168
17799513,31232
17799517,31296
17799521,31360
17799525,31424
17799529,31488
17799533,31552
17799537,31616
17799541,31680
17799545,31744
17799549,31808
17799553,31872
17799557,31936
17799561,32000
17799565,32064
17799569,32128
17799573,32192
17799577,32256
17799581,32320
17799585,32384
17799589,32448
17799593,32512
17799597,32576
17799601,32640
17799605,32704
17799609,32768
17799613,32832
17799617,32896
17799621,32960
17799625,33024
17799629,33088
17799633,33152
17799637,33216
17799641,33280
17799645,33344
17799649,33408
17799653,33472
17799657,33536
17799661,33600
17799665,33664
17799669,33728
17799673,33792
17799677,33856
17799681,33920
17799685,33984
17799689,34048
17799693,34112
17799697,34176
17799701,34240
17799705,34304
17799709,34368
17799713,34432
17799717,34496
17799721,34560
17799725,34624
17799729,34688
17799733,34752
17799737,34816
17799741,34880
17799745,34944
17799749,35008
17799753,35072
17799757,35136
17799761,35200
17799765,35264
17799769,35328
17799773,35392
17799777,35456
17799781,35520
17799785,35584
17799789,35648
17799793,35712
17799797,35776
17799801,35840
17799805,35904
17799809,35968
17799813,36032
17799817,36096
17799821,36160
17799825,36224
17799829,36288
17799833,36352
17799837,36416
17799841,36480
17799845,36544
17799849,36608
17799853,36672
17799857,36736
17799861,36800
17799865,36864
17799869,36928
17799873,36992
17799877,37056
17799881,37120
17799885,37184
17799889,37248
17799893,37312
17799897,37376
17799901,37440
17799905,37504
17799909,37568
17799913,37632
17799917,37696
17799921,37760
17799925,37824
17799929,37888
17799933,37952
17799937,38016
17799941,38080
17799945,38144
17799949,38208
17799953,38272
17799957,38336
17799961,38400
17799965,38464
17799969,38528
17799973,38592
17799977,38656
17799981,38720
17799985,38784
17799989,38848
17799993,38912
17799997,38976
17800001,39040
17800005,39104
17800009,39168
17800013,39232
17800017,39296
17800021,39360
17800025,39424
17800029,39488
17800033,39552
17800037,39616
17800041,39680
17800045,39744
17800049,39808
17800053,39872
17800057,39936
17800061,40000
17800065,40064
17800069,40128
17800073,40192
17800077,40256
17800081,40320
17800085,40384
17800089,40448
17800093,40512
17800097,40576
17800101,40640
17800105,40704
17800109,40768
17800113,40832
17800117,40896
17800121,40960
17800125,41024
17800129,41088
17800133,41152
17800137,41216
17800141,41280
17800145,41344
17800149,41408
17800153,41472
17800157,41536
17800161,41600
17800165,41664
17800169,41728
17800173,41792
17800177,41856
17800181,41920
17800185,41984
17800189,42048
17800193,42112
17800197,42176
17800201,42240
17800205,42304
17800209,42368
17800213,42432
17800217,42496
17800221,42560
17800225,42624
17800229,42688
17800233,42752
17800237,42816
17800241,42880
17800245,42944
17800249,43008
17800253,43072
17800257,43136
17800261,43200
17800265,43264
17800269,43328
17800273,43392
17800277,43456
17800281,43520
17800285,43584
17800289,43648
17800293,43712
17800297,43776
17800301,43840
17800305,43904
17800309,43968
17800313,44032
17800317,44096
17800321,44160
17800325,44224
17800329,44288
17800333,44352
17800337,44416
17800341,44480
17800345,44544
17800349,44608
17800353,44672
17800357,44736
17800361,44800
17800365,44864
17800369,44928
17800373,44992
17800377,45056
17800381,45120
17800385,45184
17800389,45248
17800393,45312
17800397,45376
17800401,45440
17800405,45504
17800409,45568
17800413,45632
17800417,45696
17800421,45760
17800425,45824
17800429,45888
17800433,45952
17800437,46016
17800441,46080
17800445,46144
17800449,46208
17800453,46272
17800457,46336
17800461,46400
17800465,46464
17800469,46528
17800473,46592
17800477,46656
17800481,46720
17800485,46784
17800489,46848
17800493,46912
17800497,46976
17800501,47040
17800505,47104
17800509,47168
17800513,47232
17800517,47296
17800521,47360
17800525,47424
17800529,47488
17800533,47552
17800537,47616
17800541,47680
17800545,47744
17800549,47808
17800553,47872
17800557,47936
17800561,48000
17800565,48064
17800569,48128
17800573,48192
17800577,48256
17800581,48320
17800585,48384
17800589,48448
17800593,48512
17800597,48576
17800601,48640
17800605,48704
17800609,48768
17800613,48832
17800617,48896
17800621,48960
17800625,49024
17800629,49088
17800633,49152
17800637,49216
17800641,49280
17800645,49344
17800649,49408
17800653,49472
17800657,49536
17800661,49600
17800665,49664
17800669,49728
17800673,49792
17800677,49856
17800681,49920
17800685,49984
17800689,50048
17800693,50112
17800697,50176
17800701,50240
17800705,50304
17800709,50368
17800713,50432
17800717,50496
17800721,50560
17800725,50624
17800729,50688
17800733,50752
17800737,50816
17800741,50880
17800745,50944
17800749,51008
17800753,51072
17800757,51136
17800761,51200
17800765,51264
17800769,51328
17800773,51392
17800777,51456
17800781,51520
17800785,51584
17800789,51648
17800793,51712
17800797,51776
17800801,51840
17800805,51904
17800809,51968
17800813,52032
17800817,52096
17800821,52160
17800825,52224
17800829,52288
17800833,52352
17800837,52416
17800841,52480
17800845,52544
17800849,52608
17800853,52672
17800857,52736
17800861,52800
17800865,52864
17800869,52928
17800873,52992
17800877,53056
17800881,53120
17800885,53184
17800889,53248
17800893,53312
17800897,53376
17800901,53440
17800905,53504
17800909,53568
17800913,53632
17800917,53696
17800921,53760
17800925,53824
17800929,53888
17800933,53952
17800937,54016
17800941,54080
17800945,54144
17800949,54208
17800953,54272
17800957,54336
17800961,54400
17800965,54464
17800969,54528
17800973,54592
17800977,54656
17800981,54720
17800985,54784
17800989,54848
17800993,54912
17800997,54976
17801001,55040
17801005,55104
17801009,55168
17801013,55232
17801017,55296
17801021,55360
17801025,55424
17801029,55488
17801033,55552
17801037,55616
17801041,55680
17801045,55744
17801049,55808
17801053,55872
17801057,55936
17801061,56000
17801065,56064
17801069,56128
17801073,56192
17801077,56256
17801081,56320
17801085,56384
17801089,56448
17801093,56512
17801097,56576
17801101,56640
17801105,56704
17801109,56768
17801113,56832
17801117,56896
17801121,56960
17801125,57024
17801129,57088
17801133,57152
17801137,57216
17801141,57280
17801145,57344
17801149,57408
17801153,57472
17801157,57536
17801161,57600
17801165,57664
17801169,57728
17801173,57792
17801177,57856
17801181,57920
17801185,57984
17801189,58048
17801193,58112
17801197,58176
17801201,58240
17801205,58304
17801209,58368
17801213,58432
17801217,58496
17801221,58560
17801225,58624
17801229,58688
17801233,58752
17801237,58816
17801241,58880
17801245,58944
17801249,59008
17801253,59072
17801257,59136
17801261,59200
17801265,59264
17801269,59328
17801273,59392
17801277,59456
17801281,59520
17801285,59584
17801289,59648
17801293,59712
17801297,59776
17801301,59840
17801305,59904
17801309,59968
17801313,60032
17801317,60096
17801321,60160
17801325,60224
17801329,60288
17801333,60352
17801337,60416
17801341,60480
17801345,60544
17801349,60608
17801353,60672
17801357,60736
17801361,60800
17801365,60864
17801369,60928
17801373,60992
17801377,61056
17801381,61120
17801385,61184
17801389,61248
17801393,61312
17801397,61376
17801401,61440
17801405,61504
17801409,61568
17801413,61632
17801417,61696
17801421,61760
17801425,61824
17801429,61888
17801433,61952
17801437,62016
17801441,62080
17801445,62144
17801449,62208
17801453,62272
17801457,62336
17801461,62400
17801465,62464
17801469,62528
17801473,62592
17801477,62656
17801481,62720
17801485,62784
17801489,62848
17801493,62912
17801497,62976
17801501,63040
17801505,63104
17801509,63168
17801513,63232
17801517,63296
17801521,63360
17801525,63424
17801529,63488
17801533,63552
17801537,63616
17801541,63680
17801545,63744
17801549,63808
17801553,63872
17801557,63936
17801561,64000
17801565,64064
17801569,64128
17801573,64192
17801577,64256
17801581,64320
17801585,64384
17801589,64448
17801593,64512
17801597,64576
17801601,64640
17801605,64704
17801609,64768
17801613,64832
17801617,64896
17801621,64960
17801625,65024
17801629,65088
17801633,65152
17801637,65216
17801641,65280
17801645,65344
17801649,65408
17801653,65472
17801657,65536
17801661,65600
17801665,65664
17801669,65728
17801673,65792
17801677,65856
17801681,65920
17801685,65984
17801689,66048
17801693,66112
17801697,66176
17801701,66240
17801705,66304
17801709,66368
17801713,66432
17801717,66496
17801721,66560
17801725,66624
17801729,66688
17801733,66752
17801737,66816
17801741,66880
17801745,66944
17801749,67008
17801753,67072
17801757,67136
17801761,67200
17801765,67264
17801769,67328
17801773,67392
17801777,67456
17801781,67520
17801785,67584
17801789,67648
17801793,67712
17801797,67776
17801801,67840
17801805,67904
17801809,67968
17801813,68032
17801817,68096
17801821,68160
17801825,68224
17801829,68288
17801833,68352
17801837,68416
17801841,68480
17801845,68544
17801849,68608
17801853,68672
17801857,68736
17801861,68800
17801865,68864
17801869,68928
17801873,68992
17801877,69056
17801881,69120
17801885,69184
17801889,69248
17801893,69312
17801897,69376
17801901,69440
17801905,69504
17801909,69568
17801913,69632
17801917,69696
17801921,69760
17801925,69824
17801929,69888
17801933,69952
17801937,70016
17801941,70080
17801945,70144
17801949,70208
17801953,70272
17801957,70336
17801961,70400
17801965,70464
17801969,70528
17801973,70592
17801977,70656
17801981,70720
17801985,70784
17801989,70848
17801993,70912
17801997,70976
17802001,71040
17802005,71104
17802009,71168
17802013,71232
17802017,71296
17802021,71360
17802025,71424
17802029,71488
17802033,71552
17802037,71616
17802041,71680
17802045,71744
17802049,71808
17802053,71872
17802057,71936
17802061,72000
17802065,72064
17802069,72128
17802073,72192
17802077,72256
17802081,72320
17802085,72384
17802089,72448
17802093,72512
17802097,72576
17802101,72640
17802105,72704
17802109,72768
17802113,72832
17802117,72896
17802121,72960
17802125,73024
17802129,73088
17802133,73152
17802137,73216
17802141,73280
17802145,73344
17802149,73408
17802153,73472
17802157,73536
17802161,73600
17802165,73664
17802169,73728
17802173,73792
17802177,73856
17802181,73920
17802185,73984
17802189,74048
17802193,74112
17802197,74176
17802201,74240
17802205,74304
17802209,74368
17802213,74432
17802217,74496
17802221,74560
17802225,74624
17802229,74688
17802233,74752
17802237,74816
17802241,74880
17802245,74944
17802249,75008
17802253,75072
17802257,75136
17802261,75200
17802265,75264
17802269,75328
17802273,75392
17802277,75456
17802281,75520
17802285,75584
17802289,75648
17802293,75712
17802297,75776
17802301,75840
17802305,75904
17802309,75968
17802313,76032
17802317,76096
17802321,76160
17802325,76224
17802329,76288
17802333,76352
17802337,76416
17802341,76480
17802345,76544
17802349,76608
17802353,76672
17802357,76736
17802361,76800
17802365,76864
17802369,76928
17802373,76992
17802377,77056
17802381,77120
17802385,77184
17802389,77248
17802393,77312
17802397,77376
17802401,77440
17802405,77504
17802409,77568
17802413,77632
17802417,77696
17802421,77760
17802425,77824
17802429,77888
17802433,77952
17802437,78016
17802441,78080
17802445,78144
17802449,78208
17802453,78272
17802457,78336
17802461,78400
17802465,78464
17802469,78528
17802473,78592
17802477,78656
17802481,78720
17802485,78784
17802489,78848
17802493,78912
17802497,78976
17802501,79040
17802505,79104
17802509,79168
17802513,79232
17802517,79296
17802521,79360
17802525,79424
17802529,79488
17802533,79552
17802537,79616
17802541,79680
17802545,79744
17802549,79808
17802553,79872
17802557,79936
17802561,80000
17802565,80064
17802569,80128
17802573,80192
17802577,80256
17802581,80320
17802585,80384
17802589,80448
17802593,80512
17802597,80576
17802601,80640
17802605,80704
17802609,80768
17802613,80832
17802617,80896
17802621,80960
17802625,81024
17802629,81088
17802633,81152
17802637,81216
17802641,81280
17802645,81344
17802649,81408
17802653,81472
17802657,81536
17802661,81600
17802665,81664
17802669,81728
17802673,81792
17802677,81856
17802681,81920
17802685,81984
17802689,82048
17802693,82112
17802697,82176
17802701,82240
17802705,82304
17802709,82368
17802713,82432
17802717,82496
17802721,82560
17802725,82624
17802729,82688
17802733,82752
17802737,82816
17802741,82880
17802745,82944
17802749,83008
17802753,83072
17802757,83136
17802761,83200
17802765,83264
17802769,83328
17802773,83392
17802777,83456
17802781,83520
17802785,83584
17802789,83648
17802793,83712
17802797,83776
17802801,83840
17802805,83904
17802809,83968
17802813,84032
17802817,84096
17802821,84160
17802825,84224
17802829,84288
17802833,84352
17802837,84416
17802841,84480
17802845,84544
17802849,84608
17802853,84672
17802857,84736
17802861,84800
17802865,84864
17802869,84928
17802873,84992
17802877,85056
17802881,85120
17802885,85184
17802889,85248
17802893,85312
17802897,85376
17802901,85440
17802905,85504
17802909,85568
17802913,85632
17802917,85696
17802921,85760
17802925,85824
17802929,85888
17802933,85952
17802937,86016
17802941,86080
17802945,86144
17802949,86208
17802953,86272
17802957,86336
17802961,86400
17802965,86464
17802969,86528
17802973,86592
17802977,86656
17802981,86720
17802985,86784
17802989,86848
17802993,86912
17802997,86976
17803001,87040
17803005,87104
17803009,87168
17803013,87232
17803017,87296
17803021,87360
17803025,87424
17803029,87488
17803033,87552
17803037,87616
17803041,87680
17803045,87744
17803049,87808
17803053,87872
17803057,87936
17803061,88000
17803065,88064
17803069,88128
17803073,88192
17803077,88256
17803081,88320
17803085,88384
17803089,88448
17803093,88512
17803097,88576
17803101,88640
17803105,88704
17803109,88768
17803113,88832
17803117,88896
17803121,88960
17803125,89024
17803129,89088
17803133,89152
17803137,89216
17803141,89280
17803145,89344
17803149,89408
17803153,89472
17803157,89536
17803161,89600
17803165,89664
17803169,89728
17803173,89792
17803177,89856
17803181,89920
17803185,89984
17803189,90048
17803193,90112
17803197,90176
17803201,90240
17803205,90304
17803209,90368
17803213,90432
17803217,90496
17803221,90560
17803225,90624
17803229,90688
17803233,90752
17803237,90816
17803241,90880
17803245,90944
17803249,91008
17803253,91072
17803257,91136
17803261,91200
17803265,91264
17803269,91328
17803273,91392
17803277,91456
17803281,91520
17803285,91584
17803289,91648
17803293,91712
17803297,91776
17803301,91840
17803305,91904
17803309,91968
17803313,92032
17803317,92096
17803321,92160
17803325,92224
17803329,92288
17803333,92352
17803337,92416
17803341,92480
17803345,92544
17803349,92608
17803353,92672
17803357,92736
17803361,92800
17803365,92864
17803369,92928
17803373,92992
17803377,93056
17803381,93120
17803385,93184
17803389,93248
17803393,93312
17803397,93376
17803401,93440
17803405,93504
17803409,93568
17803413,93632
17803417,93696
17803421,93760
17803425,93824
17803429,93888
17803433,93952
17803437,94016
17803441,94080
17803445,94144
17803449,94208
17803453,94272
17803457,94336
17803461,94400
17803465,94464
17803469,94528
17803473,94592
17803477,94656
17803481,94720
17803485,94784
17803489,94848
17803493,94912
17803497,94976
17803501,95040
17803505,95104
17803509,95168
17803513,95232
17803517,95296
17803521,95360
17803525,95424
17803529,95488
17803533,95552
17803537,95616
17803541,95680
17803545,95744
17803549,95808
17803553,95872
17803557,95936
17803561,96000
17803565,96064
17803569,96128
17803573,96192
17803577,96256
17803581,96320
17803585,96384
17803589,96448
17803593,96512
17803597,96576
17803601,96640
17803605,96704
17803609,96768
17803613,96832
17803617,96896
17803621,96960
17803625,97024
17803629,97088
17803633,97152
17803637,97216
17803641,97280
17803645,97344
17803649,97408
17803653,97472
17803657,97536
17803661,97600
17803665,97664
17803669,97728
17803673,97792
17803677,97856
17803681,97920
17803685,97984
17803689,98048
17803693,98112
17803697,98176
17803701,98240
17803705,98304
17803709,98368
17803713,98432
17803717,98496
17803721,98560
17803725,98624
17803729,98688
17803733,98752
17803737,98816
17803741,98880
17803745,98944
17803749,99008
17803753,99072
17803757,99136
17803761,99200
17803765,99264
17803769,99328
17803773,99392
17803777,99456
17803781,99520
17803785,99584
17803789,99648
17803793,99712
17803797,99776
17803801,99840
17803805,99904
17803809,99968
17803813,100032
17803817,100096
17803821,100160
17803825,100224
17803829,100288
17803833,100352
17803837,100416
17803841,100480
17803845,100544
17803849,100608
17803853,100672
17803857,100736
17803861,100800
17803865,100864
17803869,100928
17803873,100992
17803877,101056
17803881,101120
17803885,101184
17803889,101248
17803893,101312
17803897,101376
17803901,101440
17803905,101504
17803909,101568
17803913,101632
17803917,101696
17803921,101760
17803925,101824
17803929,101888
17803933,101952
17803937,102016
17803941,102080
17803945,102144
17803949,102208
17803953,102272
17803957,102336
17803961,102400
17803965,102464
17803969,102528
17803973,102592
17803977,102656
17803981,102720
17803985,102784
17803989,102848
17803993,102912
17803997,102976
17804001,103040
17804005,103104
17804009,103168
17804013,103232
17804017,103296
17804021,103360
17804025,103424
17804029,103488
17804033,103552
17804037,103616
17804041,103680
17804045,103744
17804049,103808
17804053,103872
17804057,103936
17804061,104000
17804065,104064
17804069,104128
17804073,104192
17804077,104256
17804081,104320
17804085,104384
17804089,104448
17804093,104512
17804097,104576
17804101,104640
17804105,104704
17804109,104768
17804113,104832
17804117,104896
17804121,104960
17804125,105024
17804129,105088
17804133,105152
17804137,105216
17804141,105280
17804145,105344
17804149,105408
17804153,105472
17804157,105536
17804161,105600
17804165,105664
17804169,105728
17804173,105792
17804177,105856
17804181,105920
17804185,105984
17804189,106048
17804193,106112
17804197,106176
17804201,106240
17804205,106304
17804209,106368
17804213,106432
17804217,106496
17804221,106560
17804225,106624
17804229,106688
17804233,106752
17804237,106816
17804241,106880
17804245,106944
17804249,107008
17804253,107072
17804257,107136
17804261,107200
17804265,107264
17804269,107328
17804273,107392
17804277,107456
17804281,107520
17804285,107584
17804289,107648
17804293,107712
17804297,107776
17804301,107840
17804305,107904
17804309,107968
17804313,108032
17804317,108096
17804321,108160
17804325,108224
17804329,108288
17804333,108352
17804337,108416
17804341,108480
17804345,108544
17804349,108608
17804353,108672
17804357,108736
17804361,108800
17804365,108864
17804369,108928
17804373,108992
17804377,109056
17804381,109120
17804385,109184
17804389,109248
17804393,109312
17804397,109376
17804401,109440
17804405,109504
17804409,109568
17804413,109632
17804417,109696
17804421,109760
17804425,109824
17804429,109888
17804433,109952
17804437,110016
17804441,110080
17804445,110144
17804449,110208
17804453,110272
17804457,110336
17804461,110400
17804465,110464
17804469,110528
17804473,110592
17804477,110656
17804481,110720
17804485,110784
17804489,110848
17804493,110912
17804497,110976
17804501,111040
17804505,111104
17804509,111168
17804513,111232
17804517,111296
17804521,111360
17804525,111424
17804529,111488
17804533,111552
17804537,111616
17804541,111680
17804545,111744
17804549,111808
17804553,111872
17804557,111936
17804561,112000
17804565,112064
17804569,112128
17804573,112192
17804577,112256
17804581,112320
17804585,112384
17804589,112448
17804593,112512
17804597,112576
17804601,112640
17804605,112704
17804609,112768
17804613,112832
17804617,112896
17804621,112960
17804625,113024
17804629,113088
17804633,113152
17804637,113216
17804641,113280
17804645,113344
17804649,113408
17804653,113472
17804657,113536
17804661,113600
17804665,113664
17804669,113728
17804673,113792
17804677,113856
17804681,113920
17804685,113984
17804689,114048
17804693,114112
17804697,114176
17804701,114240
17804705,114304
17804709,114368
17804713,114432
17804717,114496
17804721,114560
17804725,114624
17804729,114688
17804733,114752
17804737,114816
17804741,114880
17804745,114944
17804749,115008
17804753,115072
17804757,115136
17804761,115200
17804765,115264
17804769,115328
17804773,115392
17804777,115456
17804781,115520
17804785,115584
17804789,115648
17804793,115712
17804797,115776
17804801,115840
17804805,115904
17804809,115968
17804813,116032
17804817,116096
17804821,116160
17804825,116224
17804829,116288
17804833,116352
17804837,116416
17804841,116480
17804845,116544
17804849,116608
17804853,116672
17804857,116736
17804861,116800
17804865,116864
17804869,116928
17804873,116992
17804877,117056
17804881,117120
17804885,117184
17804889,117248
17804893,117312
17804897,117376
17804901,117440
17804905,117504
17804909,117568
17804913,117632
17804917,117696
17804921,117760
17804925,117824
17804929,117888
17804933,117952
17804937,118016
17804941,118080
17804945,118144
17804949,118208
17804953,118272
17804957,118336
17804961,118400
17804965,118464
17804969,118528
17804973,118592
17804977,118656
17804981,118720
17804985,118784
17804989,118848
17804993,118912
17804997,118976
17805001,119040
17805005,119104
17805009,119168
17805013,119232
17805017,119296
17805021,119360
17805025,119424
17805029,119488
17805033,119552
17805037,119616
17805041,119680
17805045,119744
17805049,119808
17805053,119872
17805057,119936
17805061,120000
17805065,120064
17805069,120128
17805073,120192
17805077,120256
17805081,120320
17805085,120384
17805089,120448
17805093,120512
17805097,120576
17805101,120640
17805105,120704
17805109,120768
17805113,120832
17805117,120896
17805121,120960
17805125,121024
17805129,121088
17805133,121152
17805137,121216
17805141,121280
17805145,121344
17805149,121408
17805153,121472
17805157,121536
17805161,121600
17805165,121664
17805169,121728
17805173,121792
17805177,121856
17805181,121920
17805185,121984
17805189,122048
17805193,122112
17805197,122176
17805201,122240
17805205,122304
17805209,122368
17805213,122432
17805217,122496
17805221,122560
17805225,122624
17805229,122688
17805233,122752
17805237,122816
17805241,122880
17805245,122944
17805249,123008
17805253,123072
17805257,123136
17805261,123200
17805265,123264
17805269,123328
17805273,123392
17805277,123456
17805281,123520
17805285,123584
17805289,123648
17805293,123712
17805297,123776
17805301,123840
17805305,123904
17805309,123968
17805313,124032
17805317,124096
17805321,124160
17805325,124224
17805329,124288
17805333,124352
17805337,124416
17805341,124480
17805345,124544
17805349,124608
17805353,124672
17805357,124736
17805361,124800
17805365,124864
17805369,124928
17805373,124992
17805377,125056
17805381,125120
17805385,125184
17805389,125248
17805393,125312
17805397,125376
17805401,125440
17805405,125504
17805409,125568
17805413,125632
17805417,125696
17805421,125760
17805425,125824
17805429,125888
17805433,125952
17805437,126016
17805441,126080
17805445,126144
17805449,126208
17805453,126272
17805457,126336
17805461,126400
17805465,126464
17805469,126528
17805473,126592
17805477,126656
17805481,126720
17805485,126784
17805489,126848
17805493,126912
17805497,126976
17805501,127040
17805505,127104
17805509,127168
17805513,127232
17805517,127296
17805521,127360
17805525,127424
17805529,127488
17805533,127552
17805537,127616
17805541,127680
17805545,127744
17805549,127808
17805553,127872
17805557,127936
17805561,128000
17805565,128064
17805569,128128
17805573,128192
17805577,128256
17805581,128320
17805585,128384
17805589,128448
17805593,128512
17805597,128576
17805601,128640
17805605,128704
17805609,128768
17805613,128832
17805617,128896
17805621,128960
17805625,129024
17805629,129088
17805633,129152
17805637,129216
17805641,129280
17805645,129344
17805649,129408
17805653,129472
17805657,129536
17805661,129600
17805665,129664
17805669,129728
17805673,129792
17805677,129856
17805681,129920
17805685,129984
17805689,130048
17805693,130112
17805697,130176
17805701,130240
17805705,130304
17805709,130368
17805713,130432
17805717,130496
17805721,130560
17805725,130624
17805729,130688
17805733,130752
17805737,130816
17805741,130880
17805745,130944
17805749,131008
17805753,131072
17805757,131136
17805761,131200
17805765,131264
17805769,131328
17805773,131392
17805777,131456
17805781,131520
17805785,131584
17805789,131648
17805793,131712
17805797,131776
17805801,131840
17805805,131904
17805809,131968
17805813,132032
17805817,132096
17805821,132160
17805825,132224
17805829,132288
17805833,132352
17805837,132416
17805841,132480
17805845,132544
17805849,132608
17805853,132672
17805857,132736
17805861,132800
17805865,132864
17805869,132928
17805873,132992
17805877,133056
17805881,133120
17805885,133184
17805889,133248
17805893,133312
17805897,133376
17805901,133440
17805905,133504
17805909,133568
17805913,133632
17805917,133696
17805921,133760
17805925,133824
17805929,133888
17805933,133952
17805937,134016
17805941,134080
17805945,134144
17805949,134208
17805953,134272
17805957,134336
17805961,134400
17805965,134464
17805969,134528
17805973,134592
17805977,134656
17805981,134720
17805985,134784
17805989,134848
17805993,134912
17805997,134976
17806001,135040
17806005,135104
17806009,135168
17806013,135232
17806017,135296
17806021,135360
17806025,135424
17806029,135488
17806033,135552
17806037,135616
17806041,135680
17806045,135744
17806049,135808
17806053,135872
17806057,135936
17806061,136000
17806065,136064
17806069,136128
17806073,136192
17806077,136256
17806081,136320
17806085,136384
17806089,136448
17806093,136512
17806097,136576
17806101,136640
17806105,136704
17806109,136768
17806113,136832
17806117,136896
17806121,136960
17806125,137024
17806129,137088
17806133,137152
17806137,137216
17806141,137280
17806145,137344
17806149,137408
17806153,137472
17806157,137536
17806161,137600
17806165,137664
17806169,137728
17806173,137792
17806177,137856
17806181,137920
17806185,137984
17806189,138048
17806193,138112
17806197,138176
17806201,138240
17806205,138304
17806209,138368
17806213,138432
17806217,138496
17806221,138560
17806225,138624
17806229,138688
17806233,138752
17806237,138816
17806241,138880
17806245,138944
17806249,139008
17806253,139072
17806257,139136
17806261,139200
17806265,139264
17806269,139328
17806273,139392
17806277,139456
17806281,139520
17806285,139584
17806289,139648
17806293,139712
17806297,139776
17806301,139840
17806305,139904
17806309,139968
17806313,140032
17806317,140096
17806321,140160
17806325,140224
17806329,140288
17806333,140352
17806337,140416
17806341,140480
17806345,140544
17806349,140608
17806353,140672
17806357,140736
17806361,140800
17806365,140864
17806369,140928
17806373,140992
17806377,141056
17806381,141120
17806385,141184
17806389,141248
17806393,141312
17806397,141376
17806401,141440
17806405,141504
17806409,141568
17806413,141632
17806417,141696
17806421,141760
17806425,141824
17806429,141888
17806433,141952
17806437,142016
17806441,142080
17806445,142144
17806449,142208
17806453,142272
17806457,142336
17806461,142400
17806465,142464
17806469,142528
17806473,142592
17806477,142656
17806481,142720
17806485,142784
17806489,142848
17806493,142912
17806497,142976
17806501,143040
17806505,143104
17806509,143168
17806513,143232
17806517,143296
17806521,143360
17806525,143424
17806529,143488
17806533,143552
17806537,143616
17806541,143680
17806545,143744
17806549,143808
17806553,143872
17806557,143936
17806561,144000
17806565,144064
17806569,144128
17806573,144192
17806577,144256
17806581,144320
17806585,144384
17806589,144448
17806593,144512
17806597,144576
17806601,144640
17806605,144704
17806609,144768
17806613,144832
17806617,144896
17806621,144960
17806625,145024
17806629,145088
17806633,145152
17806637,145216
17806641,145280
17806645,145344
17806649,145408
17806653,145472
17806657,145536
17806661,145600
17806665,145664
17806669,145728
17806673,145792
17806677,145856
17806681,145920
17806685,145984
17806689,146048
17806693,146112
17806697,146176
17806701,146240
17806705,146304
17806709,146368
17806713,146432
17806717,146496
17806721,146560
17806725,146624
17806729,146688
17806733,146752
17806737,146816
17806741,146880
17806745,146944
17806749,147008
17806753,147072
17806757,147136
17806761,147200
17806765,147264
17806769,147328
17806773,147392
17806777,147456
17806781,147520
17806785,147584
17806789,147648
17806793,147712
17806797,147776
17806801,147840
17806805,147904
17806809,147968
17806813,148032
17806817,148096
17806821,148160
17806825,148224
17806829,148288
17806833,148352
17806837,148416
17806841,148480
17806845,148544
17806849,148608
17806853,148672
17806857,148736
17806861,148800
17806865,148864
17806869,148928
17806873,148992
17806877,149056
17806881,149120
17806885,149184
17806889,149248
17806893,149312
17806897,149376
17806901,149440
17806905,149504
17806909,149568
17806913,149632
17806917,149696
17806921,149760
17806925,149824
17806929,149888
17806933,149952
17806937,150016
17806941,150080
17806945,150144
17806949,150208
17806953,150272
17806957,150336
17806961,150400
17806965,150464
17806969,150528
17806973,150592
17806977,150656
17806981,150720
17806985,150784
17806989,150848
17806993,150912
17806997,150976
17807001,151040
17807005,151104
17807009,151168
17807013,151232
17807017,151296
17807021,151360
17807025,151424
17807029,151488
17807033,151552
17807037,151616
17807041,151680
17807045,151744
17807049,151808
17807053,151872
17807057,151936
17807061,152000
17807065,152064
17807069,152128
17807073,152192
17807077,152256
17807081,152320
17807085,152384
17807089,152448
17807093,152512
17807097,152576
17807101,152640
17807105,152704
17807109,152768
17807113,152832
17807117,152896
17807121,152960
17807125,153024
17807129,153088
17807133,153152
17807137,153216
17807141,153280
17807145,153344
17807149,153408
17807153,153472
17807157,153536
17807161,153600
17807165,153664
17807169,153728
17807173,153792
17807177,153856
17807181,153920
17807185,153984
17807189,154048
17807193,154112
17807197,154176
17807201,154240
17807205,154304
17807209,154368
17807213,154432
17807217,154496
17807221,154560
17807225,154624
17807229,154688
17807233,154752
17807237,154816
17807241,154880
17807245,154944
17807249,155008
17807253,155072
17807257,155136
17807261,155200
17807265,155264
17807269,155328
17807273,155392
17807277,155456
17807281,155520
17807285,155584
17807289,155648
17807293,155712
17807297,155776
17807301,155840
17807305,155904
17807309,155968
17807313,156032
17807317,156096
17807321,156160
17807325,156224
17807329,156288
17807333,156352
17807337,156416
17807341,156480
17807345,156544
17807349,156608
17807353,156672
17807357,156736
17807361,156800
17807365,156864
17807369,156928
17807373,156992
17807377,157056
17807381,157120
17807385,157184
17807389,157248
17807393,157312
17807397,157376
17807401,157440
17807405,157504
17807409,157568
17807413,157632
17807417,157696
17807421,157760
17807425,157824
17807429,157888
17807433,157952
17807437,158016
17807441,158080
17807445,158144
17807449,158208
17807453,158272
17807457,158336
17807461,158400
17807465,158464
17807469,158528
17807473,158592
17807477,158656
17807481,158720
17807485,158784
17807489,158848
17807493,158912
17807497,158976
17807501,159040
17807505,159104
17807509,159168
17807513,159232
17807517,159296
17807521,159360
17807525,159424
17807529,159488
17807533,159552
17807537,159616
17807541,159680
17807545,159744
17807549,159808
17807553,159872
17807557,159936
