t_ms,ax,ay,az,gx,gy,gz
17797567,-0.7711,0.5883,0.2568,0.4272,0.0000,-0.5493
17797576,-0.7722,0.5873,0.2587,0.4272,0.0000,-0.6104
17797586,-0.7716,0.5867,0.2610,0.6104,-0.1221,-0.4883
17797596,-0.7725,0.5895,0.2604,-0.1221,-0.0610,-0.3052
17797606,-0.7725,0.5908,0.2599,-0.7324,0.3052,-0.0610
17797615,-0.7710,0.5896,0.2588,-0.5493,0.3052,-0.1831
17797624,-0.7715,0.5905,0.2576,-0.2441,0.3662,-0.1831
17797634,-0.7714,0.5918,0.2582,0.1831,0.1221,-0.3052
17797643,-0.7719,0.5916,0.2594,0.4272,-0.1221,-0.4272
17797652,-0.7737,0.5923,0.2604,0.6714,-0.6104,-0.4883
17797662,-0.7745,0.5927,0.2603,0.9155,-0.7935,-0.4883
17797672,-0.7727,0.5922,0.2583,0.9766,-0.6714,-0.5493
17797681,-0.7697,0.5920,0.2567,0.6104,-0.3052,-0.4883
17797690,-0.7662,0.5925,0.2561,0.7324,-0.2441,-0.4272
17797700,-0.7649,0.5934,0.2552,0.1831,-0.0610,-0.4272
17797709,-0.7653,0.5924,0.2563,0.0610,0.1831,-0.4272
17797719,-0.7672,0.5924,0.2574,0.2441,0.0000,-0.5493
17797728,-0.7699,0.5929,0.2570,-0.1221,0.1831,-0.5493
17797738,-0.7714,0.5906,0.2579,-0.3052,0.3662,-0.6714
17797748,-0.7743,0.5891,0.2582,0.2441,0.0610,-0.7324
17797756,-0.7748,0.5890,0.2584,0.3662,-0.2441,-0.9155
17797766,-0.7736,0.5891,0.2599,0.1221,-0.4883,-0.8545
17797776,-0.7728,0.5881,0.2596,0.2441,-0.7324,-0.9766
17797785,-0.7706,0.5858,0.2577,0.3662,-0.6714,-0.9766
17797795,-0.7688,0.5865,0.2561,0.4883,-0.5493,-0.9766
17797804,-0.7667,0.5930,0.2567,0.6714,-0.3662,-0.7324
17797814,-0.7667,0.5973,0.2584,0.7935,-0.4883,-0.7324
17797823,-0.7700,0.5975,0.2587,0.6714,-0.4883,-0.6104
17797832,-0.7722,0.5962,0.2581,0.3662,-0.6714,-0.4883
17797842,-0.7723,0.5897,0.2581,0.1221,-0.4883,-0.3052
17797851,-0.7717,0.5828,0.2592,0.4272,-0.3662,-0.1221
17797861,-0.7712,0.5845,0.2585,0.6104,-0.1831,0.0000
17797871,-0.7693,0.5908,0.2556,0.3052,-0.0610,-0.1221
17797880,-0.7654,0.5948,0.2562,0.9766,-0.6714,-0.6714
17797890,-0.7649,0.5986,0.2595,1.5869,-1.2207,-1.0986
17797899,-0.7659,0.5985,0.2599,1.5259,-1.2817,-1.4038
17797908,-0.7653,0.5952,0.2567,1.2207,-1.2207,-1.2207
17797918,-0.7665,0.5946,0.2522,0.6714,-0.9155,-0.9766
17797927,-0.7689,0.5934,0.2500,0.1831,-0.1831,-0.6104
17797936,-0.7706,0.5898,0.2511,-0.4883,0.6104,-0.5493
17797946,-0.7725,0.5883,0.2537,-0.9155,1.5259,-0.4883
17797956,-0.7743,0.5887,0.2552,-1.2207,2.4414,-0.7324
17797965,-0.7761,0.5869,0.2560,-1.2817,3.6011,-1.0986
17797975,-0.7760,0.5847,0.2552,-1.4038,4.3945,-1.3428
17797984,-0.7721,0.5874,0.2548,-2.0142,5.4321,-1.2817
17797994,-0.7670,0.5896,0.2579,-2.0142,5.4321,-1.2207
17798003,-0.7649,0.5931,0.2581,-2.0142,5.4932,-1.0376
17798012,-0.7682,0.6003,0.2562,-2.3193,5.5542,-0.4272
17798022,-0.7745,0.5985,0.2605,-1.3428,4.4556,-0.1831
17798032,-0.7787,0.5892,0.2670,-0.3052,2.0752,-0.1221
17798041,-0.7822,0.5856,0.2699,0.5493,-0.7324,-0.1831
17798051,-0.7854,0.5853,0.2694,1.0986,-3.0518,-0.1831
17798060,-0.7830,0.5826,0.2662,1.5259,-4.2114,-0.3662
17798070,-0.7776,0.5811,0.2617,2.2583,-4.8218,-0.6714
17798079,-0.7747,0.5836,0.2583,2.4414,-5.0659,-0.7324
17798088,-0.7715,0.5867,0.2567,2.2583,-4.7607,-0.7935
17798098,-0.7687,0.5862,0.2562,1.5869,-3.7842,-0.9766
17798107,-0.7678,0.5851,0.2552,0.4883,-2.3804,-0.7935
17798117,-0.7672,0.5865,0.2498,-0.3662,-1.0376,-0.5493
17798127,-0.7660,0.5922,0.2457,-0.0610,-0.5493,-0.4883
17798136,-0.7654,0.5958,0.2540,0.0000,-0.3052,-0.7324
17798145,-0.7668,0.5959,0.2627,-0.3662,0.2441,-0.6104
17798155,-0.7688,0.5927,0.2659,-0.1221,-0.3052,-0.7935
17798164,-0.7686,0.5884,0.2666,0.3662,-0.9766,-0.7324
17798174,-0.7686,0.5896,0.2627,0.7935,-1.5869,-0.6714
17798184,-0.7715,0.5917,0.2577,1.0376,-2.0142,-0.6104
17798192,-0.7706,0.5903,0.2545,0.7324,-2.2583,-0.3052
17798202,-0.7673,0.5890,0.2554,0.6714,-1.6479,-0.3052
17798212,-0.7678,0.5903,0.2562,0.6104,-0.7935,-0.4272
17798221,-0.7706,0.5917,0.2549,0.4272,0.0000,-0.7324
17798231,-0.7720,0.5902,0.2570,0.0000,0.6714,-0.7935
17798240,-0.7701,0.5864,0.2627,1.2207,0.9766,-1.2817
17798250,-0.7776,0.5917,0.2583,3.2349,1.4038,-1.5869
17798259,-0.7798,0.5940,0.2555,-0.3662,0.9155,-1.1597
17798268,-0.7754,0.5907,0.2606,-0.2441,0.2441,-0.9766
17798278,-0.7783,0.5917,0.2622,0.2441,-0.4272,-1.0986
17798288,-0.7771,0.5889,0.2628,0.9766,-0.7935,-1.0376
17798297,-0.7755,0.5881,0.2618,1.4038,-1.1597,-0.9155
17798306,-0.7753,0.5881,0.2610,1.7090,-1.4648,-0.7935
17798316,-0.7727,0.5872,0.2589,1.7700,-1.5869,-0.7324
17798326,-0.7711,0.5881,0.2560,1.5869,-1.2207,-0.5493
17798335,-0.7703,0.5878,0.2545,1.3428,-1.0376,-0.4272
17798344,-0.7692,0.5876,0.2539,1.0376,-0.6714,-0.1831
17798354,-0.7701,0.5895,0.2529,0.6714,-0.5493,-0.1221
17798363,-0.7699,0.5907,0.2543,0.1221,-0.0610,-0.1221
17798372,-0.7703,0.5902,0.2568,0.4883,0.0000,-0.2441
17798382,-0.7711,0.5896,0.2577,0.4883,0.1221,-0.3052
17798392,-0.7704,0.5898,0.2577,0.4272,0.1221,-0.3662
17798401,-0.7705,0.5902,0.2565,0.1831,0.3052,-0.3662
17798411,-0.7705,0.5909,0.2551,0.0000,0.5493,-0.3662
17798420,-0.7709,0.5920,0.2555,-0.3052,0.8545,-0.3052
17798430,-0.7705,0.5900,0.2560,-0.6104,1.0986,-0.1831
17798439,-0.7710,0.5868,0.2552,-0.6714,1.3428,-0.3662
17798448,-0.7709,0.5863,0.2554,-0.7324,1.7090,-0.2441
17798458,-0.7697,0.5886,0.2565,-0.5493,1.6479,-0.3052
17798468,-0.7699,0.5905,0.2577,-0.1221,1.4038,-0.3052
17798477,-0.7731,0.5894,0.2588,0.2441,0.7324,-0.3662
17798487,-0.7742,0.5889,0.2589,-0.1221,0.5493,-0.1221
17798496,-0.7719,0.5890,0.2576,-0.0610,0.2441,-0.1831
17798506,-0.7715,0.5887,0.2561,0.0000,0.1831,0.0000
17798515,-0.7694,0.5880,0.2555,-0.2441,0.1221,-0.1221
17798524,-0.7687,0.5867,0.2546,-0.1831,0.1831,-0.3052
17798534,-0.7720,0.5889,0.2526,-0.2441,0.3662,-0.3052
17798544,-0.7734,0.5922,0.2528,-0.1831,0.7324,-0.3052
17798552,-0.7729,0.5933,0.2551,-0.4272,0.7324,-0.1831
17798563,-0.7740,0.5925,0.2572,-0.0610,0.3662,-0.3052
17798572,-0.7744,0.5895,0.2587,0.4883,-0.4272,-0.3052
17798582,-0.7749,0.5892,0.2584,0.7324,-0.8545,-0.3662
17798591,-0.7754,0.5906,0.2578,0.7324,-1.0376,-0.3662
17798600,-0.7734,0.5909,0.2566,0.9155,-1.0986,-0.4883
17798610,-0.7699,0.5908,0.2546,0.8545,-0.9766,-0.5493
17798619,-0.7705,0.5913,0.2533,0.6104,-0.6714,-0.6104
17798628,-0.7715,0.5923,0.2539,0.1831,-0.2441,-0.3662
17798638,-0.7704,0.5911,0.2545,0.3052,-0.2441,-0.4883
17798648,-0.7706,0.5901,0.2543,0.1831,-0.0610,-0.4272
17798657,-0.7693,0.5901,0.2542,-0.3052,0.0610,-0.4883
17798667,-0.7687,0.5895,0.2539,-0.0610,0.0000,-0.6104
17798676,-0.7692,0.5906,0.2543,-0.1831,-0.3052,-0.5493
17798686,-0.7695,0.5916,0.2544,0.0000,-0.4272,-0.5493
17798695,-0.7694,0.5911,0.2548,0.0000,-0.4883,-0.5493
17798704,-0.7690,0.5920,0.2555,0.4272,-0.5493,-0.5493
17798714,-0.7688,0.5913,0.2554,0.7935,-0.5493,-0.6714
17798724,-0.7698,0.5905,0.2543,0.3052,0.0000,-0.5493
17798733,-0.7700,0.5919,0.2527,-0.4883,0.4272,-0.4272
17798742,-0.7703,0.5920,0.2513,-0.0610,0.0610,-0.5493
17798752,-0.7736,0.5903,0.2527,0.0000,-0.4272,-0.4272
17798762,-0.7749,0.5874,0.2577,-0.4883,-0.4272,-0.3052
17798771,-0.7723,0.5854,0.2605,-0.3052,-0.3662,-0.3662
17798780,-0.7699,0.5889,0.2579,0.1221,-0.6714,-0.4883
17798790,-0.7673,0.5950,0.2555,1.3428,-1.3428,-0.7324
17798800,-0.7661,0.5989,0.2573,2.6855,-2.0142,-1.2817
17798808,-0.7666,0.5990,0.2562,2.4414,-1.7090,-1.4648
17798818,-0.7662,0.5966,0.2513,1.8311,-1.5259,-1.4648
17798828,-0.7683,0.5962,0.2496,1.7090,-1.3428,-1.1597
17798837,-0.7744,0.5952,0.2507,0.6714,-0.6714,-0.7324
17798847,-0.7786,0.5906,0.2539,-0.1831,0.2441,-0.5493
17798856,-0.7794,0.5875,0.2583,-0.6714,0.4883,-0.6104
17798866,-0.7810,0.5863,0.2622,-0.7935,0.5493,-0.6714
17798875,-0.7815,0.5828,0.2626,-0.3052,0.0610,-1.0986
17798884,-0.7792,0.5817,0.2600,0.1831,-0.0610,-1.2817
17798894,-0.7764,0.5863,0.2579,0.5493,-0.3052,-1.1597
17798904,-0.7732,0.5908,0.2563,0.9766,-0.3052,-1.0986
17798912,-0.7699,0.5928,0.2556,0.6104,-0.3662,-0.7324
17798923,-0.7664,0.5935,0.2567,0.4883,-0.3052,-0.4272
17798932,-0.7638,0.5946,0.2576,1.0986,-0.6714,-0.1831
17798942,-0.7631,0.5962,0.2568,0.9155,-0.6104,0.1831
17798951,-0.7616,0.5964,0.2566,0.4883,-0.4883,0.4272
17798960,-0.7610,0.5959,0.2555,0.5493,-0.4883,0.4272
17798970,-0.7653,0.5957,0.2531,0.5493,-0.1831,0.4883
17798979,-0.7701,0.5922,0.2523,-0.4272,0.5493,0.3052
17798988,-0.7725,0.5862,0.2539,-0.7935,1.0986,0.1221
17798998,-0.7760,0.5857,0.2582,-1.0986,1.1597,0.0000
17799008,-0.7784,0.5859,0.2651,-1.3428,0.9155,-0.1221
17799017,-0.7777,0.5813,0.2667,-1.5259,0.3052,-0.5493
17799027,-0.7764,0.5824,0.2611,-1.0986,-0.3662,-0.5493
17799036,-0.7742,0.5902,0.2550,0.5493,-1.1597,-1.0376
17799046,-0.7698,0.5935,0.2596,1.5259,-1.3428,-1.4038
17799055,-0.7671,0.5953,0.2617,0.7324,-0.6104,-1.2817
17799064,-0.7651,0.5947,0.2579,0.1221,-0.3662,-1.0986
17799074,-0.7633,0.5963,0.2588,-0.3052,-0.0610,-0.6714
17799084,-0.7632,0.5989,0.2560,-0.1221,0.0610,-0.4272
17799093,-0.7642,0.5950,0.2529,-0.0610,-0.0610,-0.1221
17799103,-0.7671,0.5922,0.2546,-0.2441,-0.0610,0.1221
17799112,-0.7701,0.5923,0.2578,0.1831,0.0000,-0.0610
17799122,-0.7747,0.5944,0.2577,-0.1831,0.3052,-0.1831
17799131,-0.7766,0.5927,0.2581,-0.8545,0.7935,-0.3662
17799140,-0.7767,0.5879,0.2587,-0.9155,0.8545,-0.6714
17799150,-0.7775,0.5867,0.2587,-0.7324,0.7324,-0.7935
17799160,-0.7753,0.5876,0.2593,-0.5493,0.3662,-0.9155
17799168,-0.7729,0.5900,0.2596,-0.1831,-0.1831,-0.9155
17799179,-0.7722,0.5923,0.2598,0.3052,-0.6714,-0.9766
17799188,-0.7725,0.5934,0.2583,0.4272,-0.9155,-0.8545
17799198,-0.7703,0.5930,0.2570,-0.1221,-0.7935,-0.4883
17799207,-0.7675,0.5917,0.2559,0.2441,-0.6104,-0.2441
17799216,-0.7679,0.5908,0.2550,0.2441,-0.6104,-0.1221
17799226,-0.7694,0.5909,0.2554,0.3052,-0.2441,0.0610
17799236,-0.7704,0.5908,0.2568,0.4883,-0.0610,0.0000
17799244,-0.7720,0.5918,0.2579,0.7935,-0.0610,0.0610
17799254,-0.7745,0.5916,0.2570,0.6714,-0.1221,0.0000
17799264,-0.7758,0.5892,0.2570,-0.0610,0.0610,0.1221
17799273,-0.7758,0.5879,0.2581,-0.1221,-0.0610,0.1221
17799283,-0.7731,0.5880,0.2583,0.1221,-0.2441,-0.0610
17799292,-0.7694,0.5898,0.2570,-0.0610,-0.3052,-0.1831
17799302,-0.7676,0.5906,0.2545,-0.2441,-0.0610,-0.4272
17799311,-0.7672,0.5900,0.2532,-0.1831,0.2441,-0.6104
17799320,-0.7667,0.5908,0.2532,-0.4883,0.7935,-0.6714
17799330,-0.7661,0.5913,0.2540,-0.6714,1.2207,-0.5493
17799340,-0.7672,0.5928,0.2566,-0.9155,1.2207,-0.3662
17799348,-0.7686,0.5940,0.2593,-0.6104,0.9155,-0.3662
17799358,-0.7701,0.5913,0.2611,-0.1831,0.1221,-0.4272
17799368,-0.7717,0.5889,0.2610,0.5493,-0.6104,-0.4883
17799377,-0.7723,0.5884,0.2590,0.9155,-1.2207,-0.5493
17799387,-0.7737,0.5916,0.2571,0.4272,-1.2817,-0.2441
17799396,-0.7725,0.5939,0.2567,-0.4883,-0.9766,-0.1831
17799406,-0.7690,0.5914,0.2566,-0.7935,-0.6714,-0.1831
17799416,-0.7682,0.5900,0.2554,-0.7324,-0.3052,-0.2441
17799424,-0.7676,0.5898,0.2561,-0.3052,0.1221,-0.2441
17799434,-0.7667,0.5900,0.2566,-0.1831,0.4883,-0.2441
17799444,-0.7698,0.5912,0.2557,-0.4272,0.8545,-0.1221
17799453,-0.7717,0.5931,0.2572,-0.9766,1.0376,0.1221
17799463,-0.7731,0.5950,0.2594,-0.7324,0.6104,0.0610
17799472,-0.7734,0.5936,0.2606,-0.6104,0.0610,0.0610
17799482,-0.7719,0.5925,0.2601,-0.3052,-0.6104,-0.0610
17799491,-0.7714,0.5925,0.2589,0.6104,-1.1597,-0.2441
17799500,-0.7686,0.5894,0.2587,1.3428,-1.5869,-0.4883
17799510,-0.7665,0.5890,0.2579,1.4038,-1.4648,-0.4883
17799520,-0.7666,0.5940,0.2560,0.7935,-0.9155,-0.3662
17799529,-0.7650,0.5959,0.2540,-0.2441,0.1221,-0.1831
17799539,-0.7648,0.5945,0.2542,-1.2207,1.1597,-0.1221
17799548,-0.7654,0.5931,0.2555,-1.2817,1.6479,-0.1221
17799558,-0.7675,0.5914,0.2568,-0.8545,1.5869,-0.3052
17799567,-0.7711,0.5920,0.2578,-0.9155,1.4648,-0.3052
17799576,-0.7725,0.5914,0.2587,-1.2817,1.2207,-0.4883
17799586,-0.7719,0.5906,0.2601,-0.8545,0.6714,-0.4272
17799595,-0.7708,0.5920,0.2609,-0.0610,-0.2441,-0.5493
17799605,-0.7697,0.5928,0.2603,0.3052,-0.4883,-0.5493
17799614,-0.7670,0.5931,0.2603,0.1221,-0.6714,-0.6104
17799624,-0.7662,0.5952,0.2590,0.0000,-0.6104,-0.7324
17799633,-0.7665,0.5953,0.2554,0.1831,-0.7324,-0.9766
17799643,-0.7679,0.5913,0.2535,0.6104,-0.9766,-1.1597
17799652,-0.7710,0.5856,0.2562,0.3662,-0.6714,-0.9766
17799662,-0.7705,0.5839,0.2609,0.1831,-0.1831,-0.7935
17799671,-0.7678,0.5886,0.2615,0.3662,-0.1221,-0.6714
17799680,-0.7667,0.5956,0.2590,0.5493,-0.4272,-0.7935
17799691,-0.7648,0.6011,0.2577,0.9155,-0.9155,-1.0376
17799700,-0.7628,0.6025,0.2559,1.0986,-1.0376,-1.4648
17799709,-0.7621,0.6008,0.2524,1.5259,-1.0986,-1.5869
17799719,-0.7649,0.6006,0.2522,1.7090,-1.2207,-1.5259
17799728,-0.7715,0.5980,0.2567,1.1597,-0.7935,-1.2817
17799738,-0.7762,0.5903,0.2607,0.4272,-0.3662,-1.2207
17799747,-0.7798,0.5857,0.2617,-0.0610,0.0610,-1.0376
17799756,-0.7819,0.5852,0.2633,-0.7324,0.1831,-1.0376
17799766,-0.7802,0.5848,0.2650,-0.4883,0.2441,-1.3428
17799776,-0.7776,0.5856,0.2637,-0.0610,-0.0610,-1.6479
17799785,-0.7747,0.5875,0.2618,0.7324,-0.3052,-1.7090
17799794,-0.7719,0.5906,0.2607,1.1597,-0.6104,-1.6479
17799804,-0.7689,0.5942,0.2594,1.2207,-0.5493,-1.2817
17799814,-0.7664,0.5958,0.2587,0.7324,-0.4272,-0.8545
17799823,-0.7646,0.5953,0.2587,0.6104,-0.3662,-0.4272
17799832,-0.7631,0.5964,0.2584,0.3662,-0.1221,0.0610
17799842,-0.7622,0.5967,0.2579,0.0610,0.1831,0.3052
17799851,-0.7627,0.5946,0.2570,0.3052,0.3052,0.4883
17799860,-0.7679,0.5928,0.2557,0.3662,0.3052,0.5493
17799870,-0.7740,0.5906,0.2566,-0.1831,0.3662,0.6104
17799880,-0.7762,0.5863,0.2588,-0.5493,0.3052,0.4883
17799889,-0.7762,0.5839,0.2616,-0.2441,0.2441,0.3052
17799899,-0.7755,0.5844,0.2645,-0.0610,0.0610,0.0000
17799908,-0.7744,0.5818,0.2616,-0.3052,0.1831,0.0000
17799918,-0.7736,0.5841,0.2563,-0.4883,0.0610,0.0000
17799927,-0.7710,0.5907,0.2542,0.3662,-0.1831,-0.3662
17799936,-0.7666,0.5925,0.2609,0.9155,-0.3662,-0.7324
17799946,-0.7645,0.5940,0.2632,0.6714,0.0000,-0.7324
17799956,-0.7623,0.5936,0.2598,0.3662,-0.4883,-0.7324
17799965,-0.7620,0.5934,0.2594,0.3662,-0.4272,-0.5493
17799975,-0.7648,0.5951,0.2559,0.6714,-0.4883,-0.4883
17799984,-0.7662,0.5931,0.2555,0.6104,-0.6104,-0.3052
17799994,-0.7670,0.5905,0.2576,0.0000,-0.6104,-0.2441
17800003,-0.7678,0.5913,0.2582,-0.1831,-0.3662,-0.4272
17800012,-0.7688,0.5929,0.2571,-0.3662,-0.0610,-0.6714
17800022,-0.7690,0.5897,0.2581,-0.4272,0.4883,-1.0376
17800031,-0.7697,0.5859,0.2601,0.0610,0.4272,-1.2817
17800041,-0.7710,0.5872,0.2599,0.3662,0.1221,-1.4648
17800050,-0.7719,0.5911,0.2590,0.0000,0.0610,-1.4648
17800060,-0.7733,0.5919,0.2592,-0.1221,-0.1221,-1.5869
17800069,-0.7736,0.5912,0.2585,0.1221,-0.1831,-1.4648
17800079,-0.7714,0.5916,0.2577,0.1221,-0.1221,-1.4648
17800088,-0.7700,0.5925,0.2587,0.1831,-0.1831,-1.2207
17800098,-0.7692,0.5922,0.2587,0.3052,-0.1221,-1.2207
17800108,-0.7703,0.5916,0.2574,0.5493,-0.0610,-1.0376
17800116,-0.7721,0.5919,0.2583,0.9766,-0.3662,-0.9155
17800126,-0.7729,0.5918,0.2584,1.0376,-0.1831,-0.7935
17800136,-0.7725,0.5909,0.2572,0.5493,0.0610,-0.5493
17800145,-0.7736,0.5909,0.2582,0.7935,-0.0610,-0.4272
17800155,-0.7751,0.5918,0.2592,0.6104,-0.3052,-0.3052
17800164,-0.7740,0.5905,0.2587,0.1831,0.0610,-0.2441
17800174,-0.7737,0.5898,0.2576,0.3662,0.0000,-0.2441
17800183,-0.7728,0.5905,0.2563,0.1221,0.1831,-0.3052
17800192,-0.7708,0.5900,0.2560,-0.1831,0.2441,-0.3662
17800202,-0.7692,0.5886,0.2554,0.0000,0.3662,-0.6104
17800211,-0.7689,0.5900,0.2552,-0.1831,0.6714,-0.5493
17800221,-0.7698,0.5922,0.2570,-0.1831,0.7324,-0.4883
17800230,-0.7695,0.5928,0.2588,-0.0610,0.5493,-0.4272
17800240,-0.7690,0.5933,0.2595,-0.1221,0.3052,-0.4272
17800249,-0.7698,0.5935,0.2590,0.0610,-0.0610,-0.2441
17800259,-0.7701,0.5934,0.2587,0.3052,-0.4883,-0.2441
17800268,-0.7699,0.5922,0.2578,0.7935,-0.7324,-0.2441
17800278,-0.7689,0.5907,0.2567,1.0376,-0.9766,-0.4272
17800287,-0.7670,0.5890,0.2552,0.7935,-0.7935,-0.4272
17800296,-0.7661,0.5884,0.2542,0.4883,-0.4883,-0.4883
17800306,-0.7668,0.5890,0.2550,-0.1221,-0.1221,-0.4272
17800316,-0.7684,0.5911,0.2562,-0.7324,0.1221,-0.3662
17800325,-0.7683,0.5919,0.2555,-0.9766,0.4883,-0.4883
17800335,-0.7692,0.5913,0.2545,-0.7935,0.4272,-0.6104
17800344,-0.7709,0.5920,0.2560,-0.4272,0.3052,-0.7324
17800354,-0.7705,0.5907,0.2577,0.1221,0.1221,-0.9155
17800363,-0.7710,0.5895,0.2579,0.7324,-0.1221,-1.0986
17800372,-0.7736,0.5914,0.2579,0.7935,-0.3052,-0.9766
17800382,-0.7736,0.5923,0.2600,0.6104,-0.4883,-0.9155
17800392,-0.7733,0.5935,0.2615,0.3662,-0.6714,-0.6104
17800401,-0.7738,0.5950,0.2605,-0.0610,-0.7324,-0.4883
17800410,-0.7714,0.5950,0.2592,-0.1221,-0.5493,-0.3662
17800420,-0.7703,0.5952,0.2566,0.0610,-0.2441,-0.3662
17800429,-0.7690,0.5939,0.2555,0.3662,0.0000,-0.3052
17800439,-0.7692,0.5940,0.2545,0.0610,0.3052,-0.2441
17800448,-0.7697,0.5939,0.2551,-0.3662,0.6104,-0.0610
17800458,-0.7694,0.5914,0.2576,-0.4272,0.7935,-0.1221
17800468,-0.7698,0.5891,0.2578,0.0000,0.6104,-0.2441
17800477,-0.7694,0.5881,0.2578,0.1831,0.1831,-0.4272
17800487,-0.7695,0.5891,0.2571,0.4883,-0.0610,-0.6714
17800496,-0.7704,0.5903,0.2557,0.7935,-0.3052,-0.9155
17800505,-0.7726,0.5920,0.2552,0.4883,-0.1221,-0.9155
17800515,-0.7725,0.5919,0.2565,0.1221,-0.0610,-0.9155
17800524,-0.7704,0.5902,0.2588,0.2441,-0.1831,-1.0376
17800534,-0.7697,0.5903,0.2592,0.4883,-0.4272,-0.9766
17800543,-0.7692,0.5935,0.2567,0.1831,-0.3662,-0.9155
17800552,-0.7689,0.5948,0.2533,0.3662,-0.4883,-1.0376
17800562,-0.7684,0.5901,0.2528,0.4272,-0.4272,-1.1597
17800572,-0.7679,0.5857,0.2556,-0.0610,0.0610,-0.8545
17800581,-0.7671,0.5869,0.2579,-0.5493,0.4272,-0.6714
17800591,-0.7668,0.5908,0.2568,-0.1221,0.4272,-0.8545
17800600,-0.7676,0.5935,0.2565,0.6714,-0.3662,-1.3428
17800610,-0.7675,0.5945,0.2596,1.8311,-1.1597,-1.7700
17800619,-0.7682,0.5946,0.2587,2.1973,-1.7090,-2.0142
17800628,-0.7693,0.5944,0.2545,2.3804,-2.1362,-1.8311
17800638,-0.7706,0.5944,0.2529,2.1362,-2.3193,-1.7090
17800648,-0.7740,0.5934,0.2520,1.0376,-1.6479,-1.3428
17800657,-0.7760,0.5902,0.2534,-0.0610,-0.7935,-1.2207
17800666,-0.7769,0.5873,0.2566,-0.3052,-0.1831,-1.2817
17800676,-0.7783,0.5846,0.2590,-0.7324,0.4272,-1.4648
17800685,-0.7794,0.5817,0.2599,-0.4272,0.7324,-1.7700
17800695,-0.7800,0.5813,0.2596,0.2441,0.4272,-1.7700
17800704,-0.7798,0.5841,0.2599,0.4883,0.0610,-1.5259
17800714,-0.7761,0.5873,0.2605,0.2441,-0.3052,-1.2817
17800724,-0.7699,0.5907,0.2583,0.0610,-0.3662,-1.0986
17800732,-0.7659,0.5924,0.2561,0.1831,-0.3052,-0.7935
17800743,-0.7643,0.5914,0.2574,0.8545,-0.3052,-0.6104
17800752,-0.7653,0.5922,0.2579,1.6479,-0.2441,-0.3662
17800761,-0.7676,0.5914,0.2574,1.5259,-0.0610,-0.2441
17800771,-0.7679,0.5913,0.2584,0.7324,0.2441,0.1831
17800780,-0.7688,0.5925,0.2574,0.3662,0.3662,0.2441
17800790,-0.7727,0.5927,0.2563,-0.4272,0.7935,0.4272
17800799,-0.7740,0.5894,0.2585,-0.8545,0.8545,0.0000
17800808,-0.7749,0.5848,0.2603,-0.5493,0.6104,-0.2441
17800818,-0.7794,0.5844,0.2615,-0.6714,0.4272,-0.5493
17800827,-0.7817,0.5814,0.2617,-0.7935,0.4883,-0.6104
17800837,-0.7808,0.5814,0.2570,-1.0376,0.1221,-0.5493
17800846,-0.7783,0.5876,0.2523,-0.3662,-0.3052,-0.7324
17800856,-0.7728,0.5892,0.2587,0.2441,-0.8545,-1.1597
17800865,-0.7679,0.5894,0.2631,0.1831,-0.4272,-1.1597
17800875,-0.7640,0.5911,0.2592,0.4883,-0.4883,-1.2207
17800884,-0.7605,0.5934,0.2560,0.7324,-0.2441,-0.9766
17800894,-0.7609,0.5963,0.2542,1.0986,-0.2441,-0.7324
17800904,-0.7670,0.5967,0.2529,1.1597,-0.5493,-0.4883
17800912,-0.7715,0.5919,0.2538,0.8545,-0.8545,-0.3662
17800923,-0.7744,0.5875,0.2574,0.1831,-0.6714,-0.3052
17800932,-0.7770,0.5869,0.2588,0.1221,-0.4883,-0.3662
17800942,-0.7784,0.5859,0.2584,0.3052,-0.4272,-0.6714
17800951,-0.7799,0.5847,0.2588,0.3662,-0.4272,-0.7935
17800960,-0.7782,0.5844,0.2594,0.3052,-0.4883,-1.0376
17800970,-0.7775,0.5884,0.2589,0.2441,-0.6104,-0.9766
17800979,-0.7755,0.5907,0.2585,0.0000,-0.6714,-1.0986
17800988,-0.7722,0.5886,0.2577,0.1831,-0.7324,-1.1597
17800998,-0.7700,0.5887,0.2563,0.3662,-0.9155,-1.1597
17801008,-0.7682,0.5907,0.2566,0.4272,-0.7324,-0.9766
17801017,-0.7684,0.5911,0.2568,0.5493,-0.6104,-0.8545
17801027,-0.7688,0.5923,0.2570,0.6104,-0.4272,-0.5493
17801036,-0.7684,0.5928,0.2561,0.1831,-0.1831,-0.4272
17801046,-0.7694,0.5911,0.2552,-0.0610,0.1831,-0.2441
17801055,-0.7721,0.5891,0.2556,0.0000,0.1831,-0.2441
17801064,-0.7745,0.5862,0.2563,0.0610,0.3052,-0.2441
17801074,-0.7755,0.5842,0.2570,0.1221,0.3052,-0.2441
17801084,-0.7751,0.5842,0.2583,0.3052,0.1221,-0.3662
17801093,-0.7754,0.5865,0.2588,0.3052,0.0000,-0.4272
17801103,-0.7751,0.5892,0.2579,0.0000,0.1221,-0.6104
17801112,-0.7736,0.5902,0.2565,-0.3052,0.1831,-0.6714
17801121,-0.7734,0.5905,0.2567,-0.6714,0.3662,-0.7935
17801131,-0.7719,0.5909,0.2572,-0.6714,0.2441,-0.7324
17801140,-0.7694,0.5913,0.2557,-0.6714,0.3052,-0.8545
17801150,-0.7681,0.5922,0.2556,-0.3662,0.6104,-0.7324
17801159,-0.7689,0.5927,0.2565,-0.4272,0.7324,-0.6714
17801168,-0.7710,0.5911,0.2582,-0.5493,0.9155,-0.3662
17801178,-0.7728,0.5887,0.2595,-0.2441,0.4883,-0.2441
17801188,-0.7742,0.5876,0.2600,0.3052,-0.1221,-0.1221
17801197,-0.7750,0.5868,0.2607,0.1221,-0.6714,0.0000
17801207,-0.7749,0.5861,0.2607,0.2441,-1.0376,0.0610
17801216,-0.7732,0.5854,0.2590,0.5493,-1.4038,-0.0610
17801226,-0.7720,0.5845,0.2573,0.3662,-1.0986,-0.1221
17801235,-0.7699,0.5868,0.2554,0.1221,-0.5493,-0.1221
17801244,-0.7686,0.5909,0.2531,0.0000,0.2441,-0.1831
17801254,-0.7694,0.5936,0.2528,-0.1221,0.8545,-0.1831
17801264,-0.7720,0.5951,0.2557,-0.6714,1.4038,-0.1831
17801272,-0.7744,0.5923,0.2585,-0.8545,1.3428,-0.2441
17801283,-0.7760,0.5878,0.2595,-1.2207,0.9155,-0.2441
17801292,-0.7772,0.5876,0.2601,-1.0376,0.4272,-0.2441
17801302,-0.7755,0.5891,0.2603,-0.4883,-0.2441,-0.4883
17801311,-0.7731,0.5885,0.2593,0.1831,-0.6714,-0.6714
17801320,-0.7705,0.5881,0.2581,0.7324,-0.9155,-0.8545
17801330,-0.7686,0.5895,0.2568,0.9766,-0.6714,-0.9766
17801339,-0.7681,0.5913,0.2552,0.1221,-0.0610,-0.8545
17801348,-0.7664,0.5924,0.2560,-0.5493,0.7324,-0.6714
17801358,-0.7671,0.5942,0.2563,-0.6714,0.9766,-0.6104
17801368,-0.7703,0.5945,0.2560,-0.8545,1.4038,-0.3662
17801377,-0.7736,0.5908,0.2590,-0.6104,1.0376,-0.2441
17801387,-0.7780,0.5880,0.2615,0.1831,0.0000,-0.2441
17801396,-0.7805,0.5863,0.2623,0.6714,-0.9766,-0.4272
17801406,-0.7815,0.5851,0.2618,0.8545,-1.7090,-0.6104
17801415,-0.7773,0.5850,0.2593,0.5493,-1.8921,-0.6104
17801424,-0.7710,0.5864,0.2560,0.4883,-1.4038,-0.6104
17801434,-0.7679,0.5887,0.2523,0.1831,-0.6714,-0.6104
17801443,-0.7657,0.5913,0.2520,-0.5493,0.2441,-0.4883
17801453,-0.7649,0.5919,0.2549,-0.5493,0.9155,-0.4272
17801463,-0.7668,0.5912,0.2566,-0.1831,0.9155,-0.4883
17801472,-0.7698,0.5920,0.2570,-0.0610,0.4272,-0.4272
17801482,-0.7725,0.5898,0.2585,-0.2441,-0.2441,-0.4883
17801491,-0.7736,0.5834,0.2598,-0.2441,-0.4883,-0.3052
17801500,-0.7727,0.5806,0.2600,-0.2441,-0.5493,-0.1221
17801510,-0.7706,0.5840,0.2593,0.4883,-0.8545,-0.3052
17801520,-0.7677,0.5895,0.2577,1.7090,-1.7090,-0.9155
17801529,-0.7662,0.5939,0.2583,3.4180,-2.3193,-1.4648
17801539,-0.7643,0.5951,0.2604,3.2959,-2.3193,-1.8311
17801548,-0.7649,0.5961,0.2587,3.1128,-2.4414,-1.7090
17801557,-0.7666,0.5995,0.2545,2.1362,-2.3193,-1.3428
17801567,-0.7682,0.5979,0.2520,1.0986,-1.6479,-1.0986
17801576,-0.7720,0.5892,0.2524,0.2441,-1.0376,-1.0376
17801586,-0.7760,0.5819,0.2563,0.1221,-0.4883,-1.0376
17801595,-0.7799,0.5800,0.2606,0.0610,0.0000,-1.2817
17801604,-0.7831,0.5814,0.2609,-0.3052,0.6104,-1.5869
17801614,-0.7843,0.5813,0.2610,-0.6104,1.0376,-1.8311
17801624,-0.7822,0.5820,0.2622,-0.3052,0.9155,-1.8921
17801633,-0.7781,0.5858,0.2607,0.0610,0.7324,-1.7090
17801643,-0.7729,0.5900,0.2590,0.4272,0.4883,-1.5259
17801652,-0.7704,0.5931,0.2585,0.9155,0.0610,-1.4038
17801662,-0.7687,0.5933,0.2590,1.3428,-0.3662,-1.2207
17801671,-0.7672,0.5933,0.2606,1.8311,-0.8545,-0.8545
17801680,-0.7676,0.5940,0.2615,1.6479,-1.0986,-0.5493
17801690,-0.7688,0.5924,0.2610,1.6479,-1.2207,-0.1831
17801700,-0.7697,0.5908,0.2587,1.5259,-1.0986,-0.1221
17801709,-0.7711,0.5912,0.2566,1.2207,-0.7935,0.0610
17801719,-0.7725,0.5890,0.2572,0.6714,-0.4883,-0.0610
17801728,-0.7738,0.5859,0.2583,0.4272,-0.2441,-0.1831
17801737,-0.7759,0.5850,0.2600,0.1221,-0.0610,-0.4272
17801747,-0.7766,0.5833,0.2623,-0.4883,0.2441,-0.5493
17801756,-0.7772,0.5820,0.2609,-1.0376,0.3052,-0.5493
17801766,-0.7765,0.5856,0.2548,-1.2207,0.4272,-0.3052
17801775,-0.7739,0.5896,0.2500,0.0000,0.0610,-0.7935
17801784,-0.7704,0.5895,0.2578,0.3052,0.0610,-0.8545
17801794,-0.7679,0.5907,0.2632,-0.1221,0.6104,-0.7935
17801804,-0.7655,0.5923,0.2614,-0.1221,0.4883,-0.8545
17801813,-0.7651,0.5936,0.2615,0.6714,0.1221,-0.6104
17801823,-0.7672,0.5934,0.2567,1.1597,0.0000,-0.6714
17801832,-0.7700,0.5912,0.2524,0.9155,0.1221,-0.2441
17801842,-0.7714,0.5906,0.2552,0.0000,0.3052,0.1221
17801851,-0.7729,0.5897,0.2587,-0.1831,0.7935,0.1221
17801860,-0.7760,0.5874,0.2581,-0.5493,1.0986,-0.2441
17801870,-0.7777,0.5863,0.2590,-0.3052,0.6104,-0.4272
17801880,-0.7789,0.5844,0.2600,-0.2441,0.1831,-0.7935
17801889,-0.7780,0.5818,0.2592,-0.1221,0.2441,-0.9766
17801899,-0.7754,0.5844,0.2578,0.1221,-0.1221,-1.0986
17801908,-0.7721,0.5891,0.2560,0.1221,-0.1221,-1.1597
17801917,-0.7704,0.5923,0.2549,-0.3662,0.1831,-1.1597
17801927,-0.7700,0.5918,0.2559,-0.8545,0.7324,-0.8545
17801936,-0.7695,0.5891,0.2566,-0.7324,0.7324,-0.7324
17801946,-0.7710,0.5894,0.2567,-0.1221,0.5493,-0.5493
17801955,-0.7740,0.5906,0.2571,0.3662,0.0610,-0.3052
17801964,-0.7764,0.5903,0.2581,0.5493,-0.1221,-0.1831
17801975,-0.7754,0.5892,0.2573,0.5493,-0.3662,-0.0610
17801984,-0.7745,0.5875,0.2549,0.5493,-0.2441,-0.1221
17801994,-0.7738,0.5854,0.2545,0.6714,-0.1221,-0.1831
17802003,-0.7743,0.5847,0.2543,0.4883,0.1221,-0.3662
17802012,-0.7739,0.5848,0.2538,0.0610,0.4272,-0.4272
17802022,-0.7726,0.5857,0.2526,-0.2441,0.6104,-0.6104
17802031,-0.7731,0.5874,0.2524,-0.4272,0.6104,-0.6104
17802040,-0.7717,0.5879,0.2550,-0.3662,0.4272,-0.8545
17802050,-0.7694,0.5875,0.2561,-0.0610,0.2441,-0.9155
17802060,-0.7684,0.5892,0.2556,0.4883,-0.1221,-1.0376
17802069,-0.7682,0.5914,0.2550,0.9766,-0.2441,-1.1597
17802079,-0.7692,0.5919,0.2546,0.6714,-0.0610,-1.0986
17802088,-0.7716,0.5906,0.2552,0.6104,0.1831,-1.0986
17802098,-0.7739,0.5884,0.2562,0.3662,0.0610,-0.9155
17802107,-0.7765,0.5895,0.2568,-0.3052,0.1221,-0.4883
17802116,-0.7760,0.5875,0.2577,-0.6714,-0.1831,-0.4883
17802126,-0.7744,0.5837,0.2566,-0.3052,-0.4272,-0.5493
17802136,-0.7740,0.5847,0.2554,0.1221,-0.7324,-0.5493
17802145,-0.7742,0.5873,0.2544,0.0610,-0.7324,-0.6104
17802154,-0.7751,0.5891,0.2529,-0.3662,-0.4272,-0.4883
17802164,-0.7742,0.5898,0.2528,-0.7324,0.0610,-0.5493
17802174,-0.7744,0.5894,0.2544,-0.9155,0.3052,-0.4272
17802183,-0.7754,0.5894,0.2572,-1.0986,0.3662,-0.3662
17802192,-0.7743,0.5881,0.2588,-0.6104,0.3662,-0.3662
17802202,-0.7736,0.5873,0.2578,-0.0610,0.0610,-0.3662
17802211,-0.7725,0.5885,0.2572,0.3052,-0.2441,-0.3052
17802220,-0.7717,0.5896,0.2572,0.3662,-0.3662,-0.4272
17802231,-0.7728,0.5905,0.2555,0.4272,-0.4272,-0.3662
17802240,-0.7745,0.5919,0.2548,-0.3052,-0.1221,-0.3052
17802249,-0.7740,0.5907,0.2555,-0.4272,0.1831,-0.3052
17802259,-0.7727,0.5875,0.2561,-0.3662,0.1221,-0.3662
17802268,-0.7733,0.5859,0.2572,0.0610,0.0000,-0.3662
17802278,-0.7727,0.5847,0.2567,0.7324,-0.1831,-0.5493
17802287,-0.7699,0.5872,0.2551,0.1221,0.1831,-0.4272
17802296,-0.7698,0.5911,0.2557,-0.3052,0.1831,-0.3662
17802306,-0.7711,0.5911,0.2578,0.2441,-0.0610,-0.5493
17802316,-0.7723,0.5881,0.2573,0.9155,-0.1221,-0.7324
17802325,-0.7742,0.5861,0.2549,0.5493,0.3662,-0.7935
17802335,-0.7748,0.5858,0.2549,0.3662,0.4883,-0.7324
17802344,-0.7732,0.5869,0.2563,0.1831,0.5493,-0.6104
17802353,-0.7727,0.5889,0.2570,0.3052,0.3052,-0.6714
17802363,-0.7744,0.5901,0.2562,0.0610,0.0610,-0.7935
17802372,-0.7755,0.5901,0.2567,-0.4883,0.0610,-0.4883
17802382,-0.7751,0.5886,0.2578,-0.4272,0.0610,-0.4883
17802391,-0.7748,0.5870,0.2584,0.0610,-0.2441,-0.5493
17802400,-0.7742,0.5862,0.2595,0.1831,-0.6104,-0.5493
17802410,-0.7737,0.5874,0.2568,0.4883,-1.0376,-0.6714
17802420,-0.7728,0.5868,0.2522,0.1221,-1.0986,-0.7935
17802429,-0.7719,0.5825,0.2520,-0.0610,-0.7324,-0.7324
17802439,-0.7720,0.5822,0.2551,-0.2441,-0.3662,-0.4883
17802448,-0.7706,0.5870,0.2578,-0.2441,0.0000,-0.2441
17802458,-0.7690,0.5916,0.2577,0.1831,-0.4272,-0.5493
17802467,-0.7684,0.5946,0.2598,1.0986,-1.3428,-0.7935
17802476,-0.7683,0.5969,0.2621,2.1973,-2.1362,-1.2817
17802486,-0.7673,0.5946,0.2594,2.6855,-2.4414,-1.5869
17802496,-0.7687,0.5931,0.2549,2.3804,-2.6245,-1.4038
17802505,-0.7701,0.5923,0.2518,1.6479,-2.1973,-1.1597
17802515,-0.7704,0.5872,0.2502,1.2207,-1.5869,-1.0986
17802524,-0.7733,0.5828,0.2509,0.2441,-0.5493,-0.9766
17802534,-0.7773,0.5809,0.2550,-0.5493,0.4883,-1.0376
17802543,-0.7815,0.5808,0.2583,-0.7324,1.1597,-1.3428
17802552,-0.7844,0.5824,0.2599,-0.5493,1.4648,-1.6479
17802562,-0.7854,0.5820,0.2623,-0.5493,1.2817,-1.9531
17802571,-0.7828,0.5792,0.2645,-0.2441,0.9155,-1.9531
17802581,-0.7786,0.5834,0.2645,0.1221,0.2441,-1.7090
17802591,-0.7751,0.5898,0.2632,0.7935,-0.5493,-1.3428
17802600,-0.7705,0.5908,0.2611,1.0986,-1.0986,-1.2817
17802609,-0.7666,0.5928,0.2589,1.4648,-1.2207,-0.9155
17802619,-0.7665,0.5948,0.2567,1.6479,-1.0986,-0.6104
17802628,-0.7667,0.5928,0.2543,1.0376,-0.3052,-0.1831
17802638,-0.7678,0.5896,0.2544,0.6104,0.1831,0.0610
17802647,-0.7717,0.5869,0.2561,0.6104,0.3662,0.1831
17802656,-0.7743,0.5845,0.2582,0.3052,0.3052,0.1831
17802667,-0.7755,0.5818,0.2607,0.4272,0.0000,0.0000
17802676,-0.7776,0.5807,0.2626,0.3662,-0.3052,-0.1831
17802685,-0.7800,0.5814,0.2631,0.1831,-0.4272,-0.4272
17802695,-0.7815,0.5822,0.2614,-0.4883,-0.3052,-0.4272
17802704,-0.7795,0.5819,0.2549,-1.2207,0.0000,-0.4272
17802714,-0.7781,0.5853,0.2499,-0.3052,-0.3662,-0.6714
17802723,-0.7754,0.5879,0.2566,0.4272,-0.5493,-0.9766
17802732,-0.7710,0.5891,0.2623,0.1831,0.1221,-0.7935
17802742,-0.7692,0.5901,0.2614,0.1221,-0.0610,-0.7935
17802752,-0.7675,0.5911,0.2611,0.1221,-0.1831,-0.3662
17802760,-0.7670,0.5928,0.2587,0.2441,-0.3662,-0.3052
17802771,-0.7668,0.5894,0.2545,0.3052,-0.3662,-0.1221
17802780,-0.7684,0.5864,0.2524,0.3052,-0.4272,0.0000
17802790,-0.7720,0.5861,0.2548,0.2441,0.0610,0.0000
17802799,-0.7742,0.5865,0.2573,0.0610,0.4883,-0.2441
17802808,-0.7767,0.5868,0.2571,0.0000,0.7324,-0.6104
17802818,-0.7791,0.5844,0.2574,-0.4272,0.7935,-0.9155
17802828,-0.7795,0.5818,0.2590,-0.9766,1.0376,-1.0376
17802836,-0.7782,0.5840,0.2583,-0.9766,0.8545,-1.0986
17802847,-0.7761,0.5883,0.2562,-0.5493,0.4883,-1.2817
17802856,-0.7740,0.5898,0.2567,0.0000,0.0000,-1.2817
17802865,-0.7739,0.5902,0.2589,0.4883,-0.3052,-1.2207
17802875,-0.7736,0.5896,0.2596,0.9766,-0.6104,-0.9766
17802884,-0.7727,0.5906,0.2582,0.9155,-0.5493,-0.7324
17802894,-0.7731,0.5916,0.2565,0.7935,-0.4272,-0.4272
17802903,-0.7729,0.5892,0.2557,0.3662,-0.1831,-0.2441
17802912,-0.7734,0.5872,0.2548,-0.0610,0.1221,-0.1221
17802922,-0.7754,0.5848,0.2528,-0.2441,0.3052,-0.1831
17802932,-0.7767,0.5815,0.2532,0.2441,0.5493,-0.2441
17802941,-0.7761,0.5801,0.2557,0.7935,0.2441,-0.3662
17802951,-0.7767,0.5824,0.2565,0.9155,-0.0610,-0.3052
17802960,-0.7766,0.5861,0.2562,0.2441,-0.4883,-0.3662
17802970,-0.7761,0.5873,0.2567,-0.0610,-0.5493,-0.4272
17802979,-0.7753,0.5874,0.2567,-0.2441,-0.6714,-0.4883
17802988,-0.7737,0.5892,0.2554,-0.1831,-0.4883,-0.4883
17802998,-0.7736,0.5896,0.2544,0.0000,-0.5493,-0.6104
17803008,-0.7737,0.5874,0.2544,0.2441,-0.4272,-0.6714
17803016,-0.7740,0.5868,0.2550,0.1831,-0.4272,-0.5493
17803027,-0.7732,0.5868,0.2559,0.1831,-0.3052,-0.6104
17803036,-0.7725,0.5868,0.2561,0.5493,-0.4272,-0.6104
17803046,-0.7736,0.5872,0.2555,0.6714,-0.6104,-0.5493
17803055,-0.7761,0.5887,0.2563,0.3662,-0.6714,-0.3052
17803064,-0.7728,0.5872,0.2557,0.7935,-0.7324,-0.7935
17803074,-0.7686,0.5817,0.2538,0.6714,-0.0610,-0.7935
17803083,-0.7697,0.5823,0.2548,0.7935,0.5493,-0.4883
17803092,-0.7743,0.5884,0.2531,1.9531,1.3428,-0.7324
17803102,-0.7778,0.5848,0.2524,0.1831,0.7935,-0.7324
17803112,-0.7731,0.5830,0.2572,0.2441,0.5493,-0.3052
17803121,-0.7727,0.5878,0.2592,0.3052,-0.3052,-0.6104
17803131,-0.7762,0.5863,0.2589,0.2441,-0.5493,-0.5493
17803140,-0.7764,0.5847,0.2572,1.0376,-0.9155,-0.6104
17803150,-0.7772,0.5873,0.2551,0.4883,-0.7935,-0.3052
17803159,-0.7759,0.5897,0.2559,-0.0610,-0.6714,-0.1831
17803168,-0.7734,0.5884,0.2555,-0.1831,-0.4883,-0.1831
17803178,-0.7727,0.5876,0.2548,-0.2441,-0.3052,-0.1831
17803188,-0.7749,0.5873,0.2556,0.0610,-0.1221,-0.3662
17803197,-0.7759,0.5848,0.2562,0.0610,0.0000,-0.4272
17803207,-0.7767,0.5853,0.2562,-0.1831,0.0000,-0.2441
17803216,-0.7771,0.5875,0.2568,-0.7935,0.0000,-0.0610
17803226,-0.7755,0.5868,0.2579,-0.8545,-0.1831,-0.2441
17803235,-0.7740,0.5853,0.2581,-0.1831,-0.4272,-0.3662
17803244,-0.7706,0.5852,0.2577,0.7935,-0.8545,-0.6104
17803254,-0.7684,0.5891,0.2559,1.2817,-1.0986,-0.6104
17803264,-0.7690,0.5931,0.2548,0.8545,-0.7935,-0.6714
17803272,-0.7697,0.5907,0.2557,0.8545,-0.6104,-0.6104
17803282,-0.7719,0.5879,0.2552,0.7324,-0.6104,-0.5493
17803292,-0.7744,0.5895,0.2550,-0.1221,-0.1831,-0.1221
17803301,-0.7740,0.5892,0.2567,-0.4883,0.0610,-0.2441
17803311,-0.7734,0.5876,0.2576,-0.1221,-0.1831,-0.3052
17803320,-0.7744,0.5879,0.2565,-0.0610,-0.2441,-0.4883
17803330,-0.7755,0.5875,0.2556,-0.2441,0.0610,-0.4883
17803339,-0.7759,0.5852,0.2567,-0.5493,0.0610,-0.4883
17803348,-0.7754,0.5829,0.2571,0.0000,-0.1221,-0.5493
17803358,-0.7731,0.5858,0.2563,-0.3052,-0.1221,-0.4272
17803368,-0.7705,0.5897,0.2546,-0.6104,-0.1221,-0.4883
17803376,-0.7709,0.5889,0.2528,-0.3662,-0.4272,-0.6104
17803386,-0.7715,0.5837,0.2543,-0.2441,-0.0610,-0.6104
17803396,-0.7721,0.5800,0.2563,-0.6104,0.5493,-0.2441
17803405,-0.7732,0.5836,0.2581,-1.1597,1.2207,0.0610
17803415,-0.7734,0.5883,0.2583,-0.4883,0.9766,-0.1831
17803424,-0.7737,0.5896,0.2600,0.3052,0.2441,-0.6104
17803434,-0.7725,0.5895,0.2631,1.4648,-0.7935,-0.9766
17803444,-0.7709,0.5907,0.2621,2.0752,-1.6479,-1.2207
17803452,-0.7695,0.5934,0.2582,2.3193,-2.4414,-1.0986
17803463,-0.7684,0.5938,0.2544,2.4414,-2.9907,-1.1597
17803472,-0.7701,0.5897,0.2521,1.8311,-2.3804,-0.9155
17803482,-0.7732,0.5852,0.2518,0.5493,-1.2817,-0.7935
17803491,-0.7769,0.5845,0.2549,-0.3662,-0.3052,-0.7324
17803500,-0.7816,0.5830,0.2587,-0.7324,0.1221,-1.1597
17803510,-0.7833,0.5801,0.2605,-0.9155,0.4883,-1.5259
17803519,-0.7819,0.5784,0.2607,-0.7324,0.4272,-1.8921
17803528,-0.7794,0.5798,0.2594,-0.6714,0.6714,-1.8921
17803538,-0.7753,0.5835,0.2577,-0.4272,0.7324,-1.8311
17803548,-0.7699,0.5881,0.2572,-0.3052,0.8545,-1.6479
17803557,-0.7656,0.5931,0.2578,-0.1221,0.6104,-1.4038
17803567,-0.7626,0.5939,0.2592,0.4272,0.4272,-1.2207
17803576,-0.7623,0.5945,0.2603,1.0986,0.0000,-0.7935
17803586,-0.7656,0.5968,0.2600,0.7935,-0.1221,-0.3052
17803595,-0.7703,0.5950,0.2607,0.5493,-0.3052,0.0610
17803604,-0.7745,0.5887,0.2615,0.9155,-0.7935,0.0000
17803614,-0.7782,0.5833,0.2606,1.1597,-1.2207,-0.0610
17803624,-0.7799,0.5809,0.2590,0.7324,-1.2207,-0.1831
17803632,-0.7803,0.5818,0.2585,-0.1221,-0.6714,-0.1221
17803643,-0.7800,0.5817,0.2592,-0.7935,-0.0610,-0.4272
17803652,-0.7777,0.5781,0.2562,-1.2817,0.6714,-0.4272
17803662,-0.7765,0.5814,0.2507,-1.7090,0.9766,-0.3052
17803671,-0.7747,0.5887,0.2484,-1.1597,1.0376,-0.6104
17803680,-0.7705,0.5894,0.2570,-0.9766,1.3428,-0.8545
17803690,-0.7671,0.5883,0.2620,-0.8545,2.0752,-0.9155
17803699,-0.7661,0.5861,0.2596,-0.6714,1.7090,-0.9155
17803708,-0.7666,0.5889,0.2603,-0.2441,1.4038,-0.6714
17803718,-0.7693,0.5951,0.2596,0.6714,0.4883,-0.3662
17803728,-0.7716,0.5922,0.2576,1.5869,-0.4272,-0.3662
17803738,-0.7727,0.5848,0.2574,1.7700,-1.3428,-0.3052
17803747,-0.7759,0.5834,0.2584,1.4038,-1.3428,-0.3052
17803756,-0.7769,0.5850,0.2568,0.8545,-0.7324,-0.3662
17803766,-0.7755,0.5851,0.2537,0.6714,0.0610,-0.7324
17803775,-0.7751,0.5858,0.2522,0.0000,0.9766,-0.9766
17803784,-0.7739,0.5850,0.2544,-0.8545,1.7090,-1.2207
17803794,-0.7723,0.5845,0.2552,-1.0376,2.1973,-1.2817
17803803,-0.7708,0.5869,0.2543,-1.0986,2.5635,-1.4038
17803813,-0.7720,0.5923,0.2554,-0.8545,2.5635,-1.3428
17803822,-0.7780,0.5969,0.2590,-1.0376,2.0142,-1.0376
17803832,-0.7831,0.5977,0.2653,-0.9766,0.3052,-0.7324
17803841,-0.7845,0.5952,0.2675,-1.7700,-1.8311,-0.6104
17803851,-0.7839,0.5857,0.2655,-1.2207,-3.2959,-0.8545
17803860,-0.7804,0.5817,0.2600,0.0610,-4.5776,-0.8545
17803870,-0.7760,0.5790,0.2527,0.7324,-4.2114,-0.9155
17803879,-0.7729,0.5750,0.2504,2.2583,-3.3569,-0.8545
17803888,-0.7703,0.5812,0.2509,2.9907,-2.3804,-0.4883
17803898,-0.7679,0.5881,0.2538,2.0142,-1.7700,-0.2441
17803908,-0.7700,0.5912,0.2546,0.6714,-0.9155,-0.0610
17803917,-0.7731,0.5911,0.2546,-0.6104,0.1831,0.2441
17803927,-0.7731,0.5881,0.2565,-0.6104,0.6714,0.3052
17803936,-0.7742,0.5865,0.2581,-0.4272,0.5493,0.3052
17803946,-0.7754,0.5851,0.2599,-0.1221,0.1831,0.1221
17803955,-0.7756,0.5828,0.2603,0.1221,-0.0610,0.0000
17803964,-0.7759,0.5837,0.2598,0.3052,-0.1221,-0.0610
17803974,-0.7734,0.5863,0.2589,0.0610,-0.0610,-0.0610
17803984,-0.7701,0.5880,0.2567,-0.6714,0.1831,-0.0610
17803993,-0.7681,0.5881,0.2556,-0.7935,0.5493,-0.0610
17804003,-0.7668,0.5876,0.2559,-0.9155,0.7935,-0.3052
17804012,-0.7679,0.5870,0.2566,-0.5493,0.8545,-0.4883
17804022,-0.7700,0.5854,0.2576,-0.4272,0.8545,-0.6104
17804031,-0.7728,0.5846,0.2585,-0.1831,0.8545,-0.6104
17804040,-0.7765,0.5862,0.2606,-0.2441,0.4883,-0.6104
17804050,-0.7794,0.5851,0.2621,-0.3052,0.0610,-0.7935
17804060,-0.7804,0.5807,0.2618,-0.4272,-0.3662,-1.0376
17804069,-0.7788,0.5782,0.2610,-0.0610,-0.5493,-1.1597
17804078,-0.7781,0.5806,0.2598,0.4272,-0.7324,-1.1597
17804088,-0.7756,0.5851,0.2590,0.2441,-0.4883,-1.0986
17804098,-0.7727,0.5876,0.2592,0.1221,-0.3662,-0.9155
17804107,-0.7737,0.5925,0.2605,-0.0610,-0.3052,-0.6714
17804116,-0.7750,0.5931,0.2615,0.1831,-0.6104,-0.5493
17804126,-0.7755,0.5885,0.2609,0.1831,-0.7324,-0.4272
17804135,-0.7756,0.5870,0.2601,0.7935,-0.9766,-0.3052
17804144,-0.7769,0.5865,0.2590,1.2817,-1.3428,-0.3052
17804154,-0.7755,0.5840,0.2593,0.7324,-1.2817,-0.1831
17804164,-0.7721,0.5829,0.2589,0.3662,-1.0376,-0.2441
17804173,-0.7708,0.5851,0.2568,0.3052,-0.6714,-0.1831
17804183,-0.7706,0.5870,0.2565,0.0610,-0.3052,-0.3052
17804192,-0.7701,0.5858,0.2574,0.0610,0.1831,-0.5493
17804202,-0.7700,0.5836,0.2570,0.0000,0.4883,-0.7324
17804211,-0.7719,0.5837,0.2568,0.0610,0.9155,-0.7324
17804220,-0.7750,0.5848,0.2585,-0.2441,0.8545,-0.6714
17804230,-0.7761,0.5864,0.2601,-0.3662,0.6714,-0.6104
17804240,-0.7749,0.5891,0.2605,-0.1221,0.3662,-0.6104
17804249,-0.7737,0.5881,0.2592,0.2441,0.2441,-0.6714
17804259,-0.7728,0.5858,0.2583,0.1221,0.3662,-0.6714
17804268,-0.7728,0.5865,0.2584,0.0610,0.4272,-0.6104
17804278,-0.7736,0.5861,0.2576,-0.2441,0.6104,-0.6104
17804287,-0.7749,0.5826,0.2568,-0.4883,0.9766,-0.7935
17804296,-0.7767,0.5814,0.2582,-0.5493,1.2207,-0.5493
17804306,-0.7778,0.5844,0.2605,-0.6714,0.9766,-0.4272
17804316,-0.7783,0.5852,0.2605,-0.3052,0.3052,-0.5493
17804324,-0.7797,0.5848,0.2578,0.0000,-0.7324,-0.6714
17804334,-0.7780,0.5844,0.2582,0.0610,-1.5259,-0.5493
17804344,-0.7748,0.5826,0.2601,-0.0610,-1.6479,-0.5493
17804354,-0.7739,0.5820,0.2605,0.0610,-1.1597,-0.3662
17804363,-0.7727,0.5841,0.2592,0.0000,-0.8545,-0.3662
17804372,-0.7701,0.5892,0.2567,0.6714,-1.0376,-0.5493
17804382,-0.7684,0.5939,0.2582,1.5259,-1.4648,-0.7935
17804391,-0.7677,0.5946,0.2615,2.3193,-1.8921,-1.0376
17804400,-0.7671,0.5936,0.2609,2.5024,-2.4414,-1.0986
17804410,-0.7700,0.5917,0.2583,2.3193,-2.7466,-0.9766
17804420,-0.7733,0.5875,0.2561,1.7090,-2.5635,-0.7935
17804429,-0.7773,0.5830,0.2540,1.1597,-1.5259,-0.6104
17804439,-0.7803,0.5809,0.2559,0.0000,-0.3662,-0.4272
17804448,-0.7809,0.5801,0.2610,-0.4883,0.5493,-0.7935
17804458,-0.7825,0.5802,0.2635,-0.6714,0.7935,-1.0986
17804467,-0.7831,0.5811,0.2653,-0.4883,0.8545,-1.4648
17804476,-0.7821,0.5798,0.2662,0.1221,0.7324,-1.6479
17804486,-0.7792,0.5792,0.2640,0.4883,0.6714,-1.5259
17804496,-0.7749,0.5814,0.2625,0.7324,0.3052,-1.0986
17804505,-0.7704,0.5881,0.2625,1.0986,-0.1831,-0.7935
17804515,-0.7660,0.5963,0.2618,0.9155,-0.1831,-0.3662
17804524,-0.7627,0.5961,0.2618,0.6714,0.0000,-0.1221
17804533,-0.7631,0.5895,0.2609,0.6104,0.3052,0.1221
17804543,-0.7660,0.5857,0.2592,0.0000,0.6104,0.3052
17804552,-0.7699,0.5848,0.2595,-0.1831,0.7935,0.5493
17804562,-0.7749,0.5836,0.2610,0.0000,0.3662,0.3662
17804571,-0.7784,0.5813,0.2616,0.1221,0.0610,0.0000
17804580,-0.7786,0.5797,0.2618,-0.0610,-0.0610,-0.3662
17804590,-0.7762,0.5797,0.2627,-0.1221,0.1831,-0.6714
17804600,-0.7737,0.5784,0.2617,-0.4272,0.3662,-0.7935
17804609,-0.7742,0.5822,0.2567,-0.9155,0.4883,-0.5493
17804619,-0.7743,0.5898,0.2538,-0.7935,0.2441,-0.6714
17804628,-0.7732,0.5918,0.2618,-0.1831,-0.1831,-0.9155
17804638,-0.7717,0.5912,0.2662,0.1221,-0.1831,-0.9766
17804647,-0.7701,0.5884,0.2628,0.6714,-1.0376,-1.0986
17804656,-0.7684,0.5868,0.2633,0.9766,-1.6479,-0.9155
17804666,-0.7657,0.5872,0.2620,1.5869,-1.9531,-0.9155
17804676,-0.7644,0.5875,0.2563,2.1362,-1.8311,-0.7324
17804685,-0.7649,0.5883,0.2529,1.8311,-1.4038,-0.6714
17804695,-0.7678,0.5894,0.2543,1.2817,-0.4272,-0.5493
17804704,-0.7719,0.5903,0.2552,-0.1221,0.5493,-0.5493
17804713,-0.7745,0.5878,0.2561,-0.7935,1.1597,-0.7324
17804723,-0.7773,0.5837,0.2587,-0.9766,0.9766,-1.0986
17804732,-0.7804,0.5812,0.2615,-0.6714,0.6104,-1.4038
17804742,-0.7815,0.5800,0.2615,-0.3662,0.0610,-1.7700
17804751,-0.7808,0.5825,0.2596,-0.0610,-0.1221,-1.8311
17804760,-0.7781,0.5872,0.2590,-0.0610,-0.2441,-1.8311
17804771,-0.7739,0.5879,0.2581,0.6104,-0.1831,-1.8921
17804780,-0.7726,0.5892,0.2561,0.6714,0.0610,-1.6479
17804789,-0.7740,0.5907,0.2556,0.1221,0.6104,-1.2817
17804799,-0.7754,0.5890,0.2568,-0.1221,0.8545,-0.8545
17804808,-0.7765,0.5878,0.2561,0.0000,1.0376,-0.5493
17804818,-0.7804,0.5852,0.2560,0.1831,1.0376,-0.3052
17804827,-0.7845,0.5825,0.2588,0.4883,0.6714,-0.1221
17804836,-0.7833,0.5811,0.2606,0.6104,0.1831,0.1221
17804846,-0.7826,0.5814,0.2595,0.6104,-0.1831,0.0610
17804856,-0.7812,0.5834,0.2579,0.3052,-0.0610,0.1221
17804865,-0.7775,0.5835,0.2565,0.4883,-0.1831,-0.0610
17804875,-0.7754,0.5829,0.2551,0.8545,-0.2441,-0.1221
17804884,-0.7736,0.5842,0.2537,0.7935,-0.1221,-0.3662
17804893,-0.7711,0.5862,0.2521,0.0000,0.3052,-0.1831
17804903,-0.7689,0.5861,0.2520,-0.3662,0.6714,-0.4272
17804912,-0.7683,0.5857,0.2535,0.1221,0.7324,-0.4883
17804922,-0.7690,0.5868,0.2549,0.6104,0.3662,-0.6714
17804932,-0.7726,0.5889,0.2571,0.3052,0.4272,-0.4883
17804941,-0.7745,0.5878,0.2596,-0.1831,0.0610,-0.4272
17804950,-0.7749,0.5846,0.2590,-0.3052,0.0000,-0.4883
17804960,-0.7762,0.5837,0.2568,-0.4272,-0.1221,-0.4272
17804969,-0.7762,0.5831,0.2565,-0.1831,-0.3052,-0.3662
17804979,-0.7754,0.5835,0.2567,-0.1831,-0.4272,-0.3662
17804988,-0.7751,0.5853,0.2563,-0.6104,-0.1221,-0.4272
17804998,-0.7772,0.5845,0.2559,-0.6104,0.0000,-0.4883
17805008,-0.7780,0.5835,0.2562,-0.6714,0.2441,-0.4883
17805016,-0.7756,0.5844,0.2565,-0.8545,0.5493,-0.3052
17805027,-0.7742,0.5851,0.2552,-0.6104,0.6714,-0.3662
17805036,-0.7734,0.5879,0.2551,-0.1831,0.6104,-0.3052
17805045,-0.7734,0.5892,0.2562,0.1221,0.6714,-0.4272
17805055,-0.7742,0.5869,0.2570,0.7324,0.5493,-0.4883
17805064,-0.7756,0.5859,0.2573,0.8545,0.1221,-0.5493
17805074,-0.7778,0.5869,0.2578,0.6104,-0.0610,-0.4883
17805083,-0.7791,0.5868,0.2588,0.3662,-0.6714,-0.5493
17805092,-0.7794,0.5868,0.2590,0.0000,-0.7324,-0.4272
17805102,-0.7775,0.5853,0.2577,-0.0610,-0.6104,-0.4883
17805112,-0.7739,0.5833,0.2565,0.1831,-0.4883,-0.5493
17805121,-0.7715,0.5840,0.2568,0.3052,-0.4272,-0.6104
17805130,-0.7716,0.5869,0.2561,0.3662,0.0000,-0.6104
17805140,-0.7729,0.5881,0.2545,0.1221,0.4883,-0.6104
17805149,-0.7732,0.5867,0.2544,-0.0610,0.7935,-0.6104
17805159,-0.7747,0.5857,0.2559,-0.0610,0.6104,-0.4272
17805168,-0.7780,0.5862,0.2579,-0.1221,0.1831,-0.3662
17805178,-0.7794,0.5865,0.2590,-0.1221,-0.1831,-0.3052
17805187,-0.7778,0.5844,0.2589,0.3052,-0.6714,-0.4883
17805196,-0.7755,0.5813,0.2570,0.8545,-0.9155,-0.5493
17805206,-0.7732,0.5812,0.2542,0.9155,-0.7935,-0.6714
17805216,-0.7722,0.5841,0.2528,0.3052,-0.3662,-0.4272
17805225,-0.7709,0.5861,0.2540,0.0610,0.0610,-0.4883
17805235,-0.7694,0.5872,0.2551,0.0610,0.2441,-0.3052
17805244,-0.7703,0.5891,0.2551,-0.2441,0.3662,-0.3662
17805254,-0.7727,0.5908,0.2542,-0.3662,0.7324,-0.3052
17805263,-0.7744,0.5909,0.2523,-0.0610,0.4883,-0.3662
17805272,-0.7745,0.5853,0.2526,0.1221,0.0000,-0.4272
17805282,-0.7764,0.5789,0.2561,-0.1221,-0.1221,-0.3052
17805292,-0.7771,0.5796,0.2611,-0.6104,0.1831,0.0610
17805300,-0.7739,0.5836,0.2610,-0.3052,0.0610,-0.1831
17805311,-0.7716,0.5890,0.2562,0.0610,-0.2441,-0.5493
17805320,-0.7699,0.5925,0.2550,1.2207,-0.7324,-1.0376
17805330,-0.7683,0.5897,0.2563,2.3193,-1.2817,-1.5259
17805339,-0.7687,0.5878,0.2557,2.3804,-1.8311,-1.4648
17805348,-0.7692,0.5905,0.2548,1.7700,-2.1362,-1.2817
17805358,-0.7727,0.5916,0.2529,0.9766,-1.6479,-1.0376
17805367,-0.7772,0.5881,0.2528,-0.3662,-0.3052,-0.7935
17805376,-0.7789,0.5831,0.2563,-0.9155,0.8545,-0.7324
17805387,-0.7805,0.5789,0.2599,-0.9766,1.2207,-1.0376
17805396,-0.7830,0.5784,0.2621,-0.6714,0.9766,-1.2207
17805406,-0.7845,0.5798,0.2640,-0.4883,0.4883,-1.4038
17805415,-0.7836,0.5789,0.2638,0.0610,-0.3052,-1.3428
17805424,-0.7830,0.5807,0.2610,0.6104,-0.9766,-1.2207
17805434,-0.7787,0.5829,0.2599,0.7324,-1.4038,-0.8545
17805443,-0.7708,0.5858,0.2592,0.8545,-1.7090,-0.7324
17805452,-0.7660,0.5907,0.2573,0.9155,-1.3428,-0.4272
17805462,-0.7638,0.5924,0.2561,0.8545,-0.6714,-0.2441
17805472,-0.7638,0.5918,0.2555,1.0986,0.0610,0.0000
17805481,-0.7648,0.5892,0.2560,0.6104,0.6104,0.3052
17805491,-0.7672,0.5880,0.2559,0.2441,1.0986,0.4883
17805500,-0.7731,0.5900,0.2565,-0.3662,1.4038,0.6104
17805510,-0.7778,0.5886,0.2598,-0.9766,1.4038,0.4272
17805519,-0.7809,0.5817,0.2626,-1.1597,1.0986,0.1221
17805528,-0.7838,0.5775,0.2639,-1.0986,0.7935,-0.1221
17805538,-0.7845,0.5764,0.2609,-0.8545,0.3052,-0.3052
17805548,-0.7825,0.5798,0.2562,-0.1221,-0.2441,-0.5493
17805557,-0.7783,0.5859,0.2566,0.5493,-0.9155,-0.9155
17805566,-0.7720,0.5876,0.2623,0.4272,-0.9766,-1.1597
17805576,-0.7657,0.5865,0.2618,0.4883,-0.8545,-1.2207
17805585,-0.7645,0.5892,0.2568,0.4883,-0.8545,-1.1597
17805595,-0.7649,0.5930,0.2551,0.5493,-0.6104,-1.0376
17805604,-0.7675,0.5922,0.2542,0.1221,-0.4272,-0.7935
17805614,-0.7701,0.5875,0.2557,-0.1831,-0.5493,-0.7324
17805623,-0.7736,0.5822,0.2577,-0.3662,-0.6714,-0.7935
17805632,-0.7759,0.5812,0.2589,-0.7324,-0.3662,-0.8545
17805643,-0.7748,0.5811,0.2601,-0.4272,-0.4272,-1.2817
17805652,-0.7753,0.5809,0.2610,0.0000,-0.3662,-1.5259
17805661,-0.7766,0.5824,0.2596,0.0610,-0.4272,-1.7090
17805671,-0.7754,0.5820,0.2577,-0.0610,-0.1831,-1.8921
17805680,-0.7739,0.5830,0.2576,-0.1221,-0.1221,-1.7090
17805690,-0.7751,0.5881,0.2583,-0.3052,0.0000,-1.5869
17805699,-0.7755,0.5896,0.2593,-0.6714,0.0610,-1.4038
17805708,-0.7759,0.5876,0.2606,-0.6104,-0.2441,-1.2207
17805718,-0.7770,0.5874,0.2616,-0.1221,-0.6714,-0.9766
17805728,-0.7780,0.5864,0.2612,0.4272,-1.0376,-0.7935
17805737,-0.7781,0.5853,0.2589,0.7935,-1.0986,-0.4272
17805747,-0.7773,0.5847,0.2570,0.9766,-0.9766,-0.3662
17805756,-0.7773,0.5846,0.2562,0.3662,-0.4272,-0.0610
17805765,-0.7759,0.5835,0.2554,-0.4883,0.2441,0.0000
17805775,-0.7753,0.5804,0.2542,-0.5493,0.7935,-0.0610
17805784,-0.7747,0.5786,0.2542,-0.2441,0.9155,-0.2441
17805794,-0.7729,0.5808,0.2559,0.3052,0.9155,-0.3662
17805804,-0.7747,0.5851,0.2581,0.6104,0.6104,-0.6104
17805812,-0.7769,0.5861,0.2588,0.8545,0.3662,-0.7324
17805823,-0.7771,0.5854,0.2593,0.9155,0.0000,-0.8545
17805832,-0.7788,0.5846,0.2595,0.6714,-0.3052,-0.9155
17805841,-0.7789,0.5829,0.2596,-0.3662,-0.3052,-0.9155
17805851,-0.7755,0.5817,0.2594,-0.9155,-0.1831,-0.9766
17805860,-0.7731,0.5818,0.2587,-0.7935,-0.4883,-1.0986
17805870,-0.7725,0.5828,0.2588,-0.4883,-0.5493,-1.3428
17805879,-0.7729,0.5834,0.2583,-0.2441,-0.4883,-1.4648
17805888,-0.7737,0.5818,0.2576,-0.3662,-0.3052,-1.5869
17805898,-0.7742,0.5800,0.2576,-0.8545,-0.0610,-1.5259
17805908,-0.7738,0.5797,0.2579,-1.2207,0.3662,-1.5259
17805917,-0.7737,0.5796,0.2573,-1.3428,0.9155,-1.4038
17805927,-0.7733,0.5807,0.2571,-1.1597,0.9766,-1.5259
17805936,-0.7737,0.5845,0.2584,-0.7935,0.9766,-1.3428
17805946,-0.7759,0.5878,0.2610,-0.3662,0.5493,-1.4648
17805955,-0.7772,0.5876,0.2634,0.1831,0.1221,-1.4038
17805964,-0.7787,0.5841,0.2643,0.7935,-0.6104,-1.4648
17805974,-0.7828,0.5812,0.2631,1.6479,-1.3428,-1.2207
17805984,-0.7834,0.5815,0.2614,0.9155,-1.3428,-0.9155
17805993,-0.7810,0.5819,0.2595,0.4883,-0.9155,-0.6714
17806003,-0.7794,0.5837,0.2576,0.3662,-0.7935,-0.4883
17806012,-0.7776,0.5848,0.2576,0.4883,-0.5493,-0.3662
17806021,-0.7761,0.5844,0.2584,0.5493,-0.3052,-0.3052
17806031,-0.7765,0.5846,0.2588,0.6714,-0.0610,-0.1831
17806040,-0.7769,0.5825,0.2595,0.4272,-0.0610,-0.0610
17806050,-0.7770,0.5801,0.2600,0.1831,0.0000,0.0000
17806059,-0.7778,0.5808,0.2594,-0.1221,0.0000,0.2441
17806068,-0.7776,0.5825,0.2587,0.2441,-0.0610,0.1221
17806078,-0.7773,0.5842,0.2587,0.9766,-0.4883,0.0610
17806088,-0.7756,0.5833,0.2593,1.5259,-0.9766,-0.1831
17806097,-0.7749,0.5811,0.2592,1.6479,-1.1597,-0.3662
17806107,-0.7754,0.5811,0.2600,1.5869,-1.2207,-0.5493
17806116,-0.7758,0.5804,0.2595,1.7090,-1.1597,-0.6714
17806126,-0.7769,0.5809,0.2571,1.0986,-0.8545,-0.8545
17806135,-0.7769,0.5814,0.2573,0.7324,-0.4272,-0.8545
17806144,-0.7760,0.5803,0.2579,0.5493,-0.3052,-0.9766
17806154,-0.7732,0.5790,0.2589,0.1831,0.0000,-0.9155
17806164,-0.7703,0.5791,0.2599,0.3052,-0.1831,-1.0376
17806173,-0.7709,0.5839,0.2581,0.1831,-0.1221,-1.0986
17806183,-0.7712,0.5854,0.2539,-0.1221,-0.1221,-1.2207
17806192,-0.7726,0.5834,0.2529,-0.0610,-0.2441,-1.2817
17806202,-0.7755,0.5797,0.2572,-0.3662,-0.0610,-1.1597
17806211,-0.7783,0.5768,0.2611,-0.6104,0.4272,-1.0376
17806220,-0.7786,0.5790,0.2629,-0.6104,0.3052,-0.9766
17806230,-0.7777,0.5833,0.2617,0.2441,-0.3052,-1.2207
17806239,-0.7780,0.5868,0.2609,1.5259,-1.1597,-1.5869
17806248,-0.7764,0.5890,0.2605,2.0752,-1.6479,-1.8311
17806258,-0.7744,0.5886,0.2571,2.5024,-2.1973,-1.8921
17806268,-0.7744,0.5857,0.2543,2.3193,-2.3193,-1.7090
17806277,-0.7769,0.5829,0.2534,1.7700,-1.7700,-1.2817
17806287,-0.7819,0.5819,0.2535,1.0376,-0.6714,-0.9155
17806296,-0.7856,0.5807,0.2570,-0.2441,0.4883,-0.5493
17806306,-0.7864,0.5769,0.2610,-1.0986,1.0986,-0.6714
17806315,-0.7880,0.5717,0.2617,-0.7935,1.2817,-0.9155
17806324,-0.7854,0.5709,0.2626,-0.3662,0.7935,-1.0376
17806334,-0.7799,0.5771,0.2627,0.1831,0.3052,-1.0376
17806344,-0.7761,0.5823,0.2614,0.3052,0.0610,-1.0376
17806353,-0.7731,0.5831,0.2587,0.8545,-0.0610,-0.9766
17806363,-0.7728,0.5851,0.2582,0.7935,-0.3052,-0.6714
17806372,-0.7722,0.5880,0.2596,0.7324,-0.5493,-0.4272
17806382,-0.7701,0.5872,0.2604,-0.0610,-0.4883,-0.2441
17806391,-0.7712,0.5833,0.2606,-0.1221,-0.6714,-0.3052
17806400,-0.7740,0.5807,0.2596,0.1221,-0.7324,-0.2441
17806410,-0.7755,0.5795,0.2593,0.1221,-0.6714,-0.3052
17806420,-0.7770,0.5789,0.2589,0.6714,-0.7324,-0.4883
17806428,-0.7794,0.5791,0.2588,0.7935,-0.5493,-0.6714
17806439,-0.7805,0.5789,0.2614,0.6104,-0.4883,-0.7935
17806448,-0.7814,0.5795,0.2622,-0.3052,-0.0610,-0.7324
17806457,-0.7827,0.5789,0.2576,-1.3428,0.4883,-0.4272
17806467,-0.7826,0.5790,0.2542,-0.6714,0.3662,-0.7324
17806476,-0.7812,0.5791,0.2583,0.3052,-0.2441,-1.0376
17806486,-0.7789,0.5800,0.2635,0.2441,-0.1221,-1.1597
17806495,-0.7755,0.5813,0.2637,0.6104,-0.4883,-1.2207
17806504,-0.7742,0.5848,0.2621,0.5493,-0.9155,-0.9766
17806514,-0.7723,0.5870,0.2589,0.5493,-0.6104,-0.7935
17806524,-0.7701,0.5824,0.2545,0.4272,-0.3052,-0.4883
17806533,-0.7712,0.5796,0.2531,0.5493,0.0610,-0.1831
17806543,-0.7733,0.5809,0.2552,0.6104,0.1831,0.0000
17806552,-0.7760,0.5829,0.2581,0.5493,0.1831,-0.1221
17806562,-0.7795,0.5824,0.2600,0.3662,0.3052,-0.3662
17806571,-0.7834,0.5787,0.2614,0.2441,0.4883,-0.6104
17806580,-0.7837,0.5746,0.2615,-0.1831,0.5493,-0.7935
17806590,-0.7810,0.5754,0.2595,-0.0610,0.3662,-0.9766
17806600,-0.7794,0.5796,0.2570,0.0000,0.3052,-0.9766
17806609,-0.7781,0.5814,0.2567,0.0610,0.3662,-1.0986
17806619,-0.7751,0.5819,0.2573,-0.0610,0.3052,-1.0376
17806628,-0.7742,0.5828,0.2578,-0.2441,0.2441,-0.9766
17806637,-0.7762,0.5841,0.2583,-0.5493,0.2441,-0.6714
17806647,-0.7773,0.5850,0.2587,-0.7324,0.2441,-0.5493
17806656,-0.7775,0.5830,0.2589,-0.4883,0.0000,-0.3662
17806666,-0.7776,0.5802,0.2592,0.1831,-0.4883,-0.3662
17806675,-0.7770,0.5787,0.2592,0.9155,-0.9155,-0.4272
17806684,-0.7755,0.5784,0.2584,1.1597,-1.0986,-0.4883
17806694,-0.7747,0.5795,0.2574,1.3428,-1.0376,-0.5493
17806704,-0.7749,0.5797,0.2567,1.0376,-0.8545,-0.4883
17806713,-0.7745,0.5808,0.2554,0.3052,-0.4272,-0.3662
17806723,-0.7725,0.5820,0.2538,-0.4883,0.0000,-0.4272
17806732,-0.7722,0.5822,0.2540,-1.0986,0.4272,-0.4272
17806742,-0.7737,0.5822,0.2563,-1.0376,0.3052,-0.5493
17806751,-0.7756,0.5804,0.2578,-0.8545,0.1221,-0.8545
17806760,-0.7797,0.5798,0.2581,-0.2441,-0.1831,-0.9766
17806770,-0.7822,0.5840,0.2584,0.7935,-0.5493,-1.3428
17806780,-0.7812,0.5808,0.2595,0.8545,-0.6104,-1.4038
17806788,-0.7806,0.5792,0.2605,-0.3052,-0.4883,-0.6714
17806799,-0.7820,0.5842,0.2599,-0.5493,-0.4883,-0.4272
17806808,-0.7810,0.5817,0.2588,-0.4883,-0.3052,-0.3662
17806818,-0.7777,0.5800,0.2579,-0.1831,-0.1831,-0.1831
17806827,-0.7765,0.5797,0.2587,-0.1221,0.0000,-0.1221
17806836,-0.7772,0.5785,0.2599,0.1221,0.0000,-0.1831
17806846,-0.7783,0.5779,0.2594,-0.0610,0.0000,-0.2441
17806856,-0.7792,0.5797,0.2588,-0.0610,0.1831,-0.1221
17806864,-0.7787,0.5818,0.2593,-0.1831,0.2441,-0.1221
17806875,-0.7792,0.5804,0.2601,-0.2441,0.3052,-0.1221
17806884,-0.7788,0.5792,0.2616,0.0610,0.0610,-0.1831
17806894,-0.7760,0.5801,0.2611,0.4883,-0.1831,-0.3052
17806903,-0.7753,0.5823,0.2590,0.5493,-0.1221,-0.4883
17806912,-0.7748,0.5836,0.2587,0.6714,0.1831,-0.6104
17806922,-0.7739,0.5859,0.2587,0.7935,0.0610,-0.7324
17806931,-0.7740,0.5848,0.2593,0.4272,0.0610,-0.8545
17806940,-0.7747,0.5800,0.2593,0.5493,0.0610,-0.9766
17806950,-0.7777,0.5789,0.2579,0.6714,0.1831,-0.9766
17806960,-0.7809,0.5804,0.2585,0.4883,0.2441,-0.7935
17806969,-0.7814,0.5804,0.2606,0.1221,0.0000,-0.8545
17806979,-0.7816,0.5790,0.2609,-0.0610,-0.0610,-0.9766
17806988,-0.7806,0.5789,0.2600,-0.4883,0.0000,-1.0376
17806998,-0.7777,0.5802,0.2592,-0.3662,-0.1221,-1.0376
17807007,-0.7756,0.5804,0.2583,0.0610,-0.1831,-1.1597
17807016,-0.7748,0.5809,0.2579,0.4883,-0.0610,-1.0986
17807026,-0.7750,0.5845,0.2571,0.1831,0.3052,-0.9155
17807036,-0.7755,0.5854,0.2576,-0.0610,0.6714,-0.6714
17807045,-0.7773,0.5826,0.2589,-0.1831,0.6104,-0.6104
17807055,-0.7792,0.5802,0.2585,-0.4272,0.8545,-0.4272
17807064,-0.7799,0.5779,0.2582,-0.4272,0.6714,-0.3052
17807073,-0.7819,0.5796,0.2585,-0.1221,0.5493,-0.1221
17807083,-0.7825,0.5800,0.2595,0.3052,0.3052,-0.1831
17807092,-0.7811,0.5782,0.2606,0.5493,0.1221,-0.1831
17807102,-0.7795,0.5798,0.2596,0.4883,0.0000,-0.1831
17807111,-0.7765,0.5814,0.2565,0.3052,-0.1221,-0.1831
17807120,-0.7761,0.5813,0.2539,0.4883,-0.2441,-0.3052
17807130,-0.7742,0.5759,0.2551,0.3662,0.2441,-0.4272
17807140,-0.7726,0.5725,0.2570,-0.5493,1.0986,-0.1221
17807149,-0.7736,0.5773,0.2577,-0.9766,1.4648,-0.0610
17807159,-0.7727,0.5829,0.2584,-0.0610,0.6104,-0.4883
17807168,-0.7727,0.5840,0.2611,1.2207,-0.4883,-1.2817
17807178,-0.7709,0.5850,0.2625,2.1973,-1.2207,-1.7090
17807187,-0.7681,0.5868,0.2590,2.4414,-2.1362,-1.9531
17807196,-0.7679,0.5872,0.2551,2.3193,-2.5024,-1.7700
17807206,-0.7709,0.5879,0.2526,1.1597,-1.8921,-1.5869
17807216,-0.7749,0.5845,0.2535,-0.2441,-0.7324,-1.2207
17807225,-0.7800,0.5792,0.2574,-0.9766,0.0000,-1.2817
17807235,-0.7841,0.5758,0.2616,-1.2207,0.4272,-1.4648
17807244,-0.7869,0.5736,0.2621,-1.1597,0.2441,-1.8921
17807253,-0.7883,0.5710,0.2610,-0.6104,0.1831,-2.3193
17807263,-0.7869,0.5712,0.2604,0.2441,0.0000,-2.5635
17807272,-0.7849,0.5760,0.2603,0.3662,0.1221,-2.3193
17807282,-0.7816,0.5806,0.2611,0.1221,0.0610,-2.0752
17807291,-0.7784,0.5833,0.2610,-0.1831,0.1831,-1.8921
17807300,-0.7764,0.5847,0.2605,-0.1221,0.2441,-1.5259
17807311,-0.7758,0.5839,0.2609,0.4272,0.3052,-1.2817
17807320,-0.7770,0.5820,0.2622,0.8545,-0.2441,-0.8545
17807330,-0.7788,0.5807,0.2618,0.6104,-0.4272,-0.6714
17807339,-0.7806,0.5806,0.2595,0.3052,-0.4883,-0.3662
17807348,-0.7809,0.5806,0.2583,0.3052,-0.3662,-0.3052
17807358,-0.7839,0.5812,0.2582,0.3052,0.0000,-0.1831
17807367,-0.7871,0.5797,0.2599,-0.1831,0.4883,-0.1831
17807376,-0.7872,0.5728,0.2617,-0.0610,0.9766,-0.4272
17807387,-0.7882,0.5654,0.2621,-0.1831,1.0986,-0.5493
17807396,-0.7872,0.5656,0.2573,-0.0610,1.0376,-0.3052
17807404,-0.7852,0.5742,0.2522,0.3052,0.6714,-0.5493
17807415,-0.7819,0.5798,0.2585,0.2441,0.3662,-0.6104
17807424,-0.7771,0.5807,0.2643,-0.1831,0.9766,-0.7324
17807434,-0.7753,0.5798,0.2620,-0.2441,0.8545,-0.7935
17807443,-0.7747,0.5800,0.2593,-0.6104,0.7324,-0.6104
17807452,-0.7740,0.5801,0.2583,-0.5493,0.7324,-0.4883
17807462,-0.7734,0.5789,0.2549,-0.1831,0.5493,-0.3052
17807472,-0.7737,0.5780,0.2527,-0.3662,0.5493,-0.2441
17807481,-0.7737,0.5779,0.2554,-0.4272,0.8545,-0.1831
17807491,-0.7739,0.5796,0.2566,-0.0610,1.5869,-0.5493
17807500,-0.7766,0.5763,0.2576,0.0610,1.8311,-1.0376
17807509,-0.7817,0.5745,0.2593,-0.0610,1.7090,-1.0986
17807519,-0.7865,0.5760,0.2609,-0.0610,1.2817,-1.2207
17807528,-0.7881,0.5740,0.2616,0.4272,0.3052,-1.4038
17807538,-0.7874,0.5732,0.2607,1.0986,-0.7324,-1.4648
17807547,-0.7852,0.5773,0.2598,1.4038,-1.6479,-1.4648
17807556,-0.7822,0.5820,0.2573,1.6479,-1.8921,-1.2817
